ID;CardID;Amount
#Generated 05.03.2023 16:06:32;;
M3C_TUTORIAL_BLUBELLIE;M3R7401;30
M3C_TUTORIAL_STREETHEALER;M3R7102;5
M3C_TUTORIAL_STREETHEALER;M3R7301;5
M3C_TUTORIAL_STREETHEALER;M3R7202;5
M3C_TUTORIAL_STREETHEALER;M3R7103;5
M3C_TUTORIAL_THALANA;M3C303;30
M3C_CARAVAN_GUARD_1;M3R1101;3
M3C_CARAVAN_GUARD_1;M3R7103;1
M3C_CARAVAN_GUARD_1;M3R1114;2
M3C_CARAVAN_GUARD_1;M3R1102;2
M3C_CARAVAN_GUARD_1;M3R1105;2
M3C_CARAVAN_GUARD_1;M3R1115;2
M3C_CARAVAN_GUARD_1;M3R7102;1
M3C_CARAVAN_GUARD_1;M3R1202;1
M3C_CARAVAN_GUARD_1;M3R1117;1
M3C_CARAVAN_GUARD_1;M3R1112;1
M3C_CARAVAN_GUARD_1;M3R1106;2
M3C_CARAVAN_GUARD_1;M3R1113;1
M3C_CARAVAN_GUARD_1;M3R1109;2
M3C_CARAVAN_GUARD_1;M3R1211;2
M3C_CARAVAN_GUARD_1;M3R1214;2
M3C_CARAVAN_GUARD_1;M3R1212;1
M3C_CARAVAN_GUARD_1;M3R1201;2
M3C_CARAVAN_GUARD_1;M3R1215;1
M3C_CARAVAN_GUARD_1;M3R1108;1
M3C_ASPIRANT_1;M3R2101;3
M3C_ASPIRANT_1;M3R2102;2
M3C_ASPIRANT_1;M3R2105;2
M3C_ASPIRANT_1;M3R7102;3
M3C_ASPIRANT_1;M3R2202;1
M3C_ASPIRANT_1;M3R2117;1
M3C_ASPIRANT_1;M3R2111;2
M3C_ASPIRANT_1;M3R2114;2
M3C_ASPIRANT_1;M3R2115;2
M3C_ASPIRANT_1;M3R2211;1
M3C_ASPIRANT_1;M3R2213;1
M3C_ASPIRANT_1;M3R2112;2
M3C_ASPIRANT_1;M3R2212;1
M3C_ASPIRANT_1;M3R2215;1
M3C_ASPIRANT_1;M3R2109;1
M3C_ASPIRANT_1;M3R2113;1
M3C_ASPIRANT_1;M3R2214;1
M3C_ASPIRANT_1;M3R2201;2
M3C_ASPIRANT_1;M3R2108;1
M3C_VAPYRO_VANGUARD_1;M3R3101;3
M3C_VAPYRO_VANGUARD_1;M3R3108;1
M3C_VAPYRO_VANGUARD_1;M3R3102;2
M3C_VAPYRO_VANGUARD_1;M3R3105;2
M3C_VAPYRO_VANGUARD_1;M3R7102;3
M3C_VAPYRO_VANGUARD_1;M3R3112;1
M3C_VAPYRO_VANGUARD_1;M3R3212;1
M3C_VAPYRO_VANGUARD_1;M3R3115;2
M3C_VAPYRO_VANGUARD_1;M3R3202;1
M3C_VAPYRO_VANGUARD_1;M3R3117;1
M3C_VAPYRO_VANGUARD_1;M3R3113;2
M3C_VAPYRO_VANGUARD_1;M3R3109;1
M3C_VAPYRO_VANGUARD_1;M3R3114;2
M3C_VAPYRO_VANGUARD_1;M3R3211;1
M3C_VAPYRO_VANGUARD_1;M3R3213;1
M3C_VAPYRO_VANGUARD_1;M3R3214;1
M3C_VAPYRO_VANGUARD_1;M3R3111;1
M3C_VAPYRO_VANGUARD_1;M3R3215;1
M3C_VAPYRO_VANGUARD_1;M3R3201;2
M3C_VAPYRO_VANGUARD_1;M3R7109;1
M3C_KEEPER_OF_ELAION_1;M3R4101;3
M3C_KEEPER_OF_ELAION_1;M3R4102;2
M3C_KEEPER_OF_ELAION_1;M3R4105;2
M3C_KEEPER_OF_ELAION_1;M3R4204;1
M3C_KEEPER_OF_ELAION_1;M3R4103;1
M3C_KEEPER_OF_ELAION_1;M3R4111;1
M3C_KEEPER_OF_ELAION_1;M3R4202;3
M3C_KEEPER_OF_ELAION_1;M3R4117;1
M3C_KEEPER_OF_ELAION_1;M3R4214;1
M3C_KEEPER_OF_ELAION_1;M3R4114;2
M3C_KEEPER_OF_ELAION_1;M3R4213;1
M3C_KEEPER_OF_ELAION_1;M3R4112;2
M3C_KEEPER_OF_ELAION_1;M3R4109;1
M3C_KEEPER_OF_ELAION_1;M3R4211;1
M3C_KEEPER_OF_ELAION_1;M3R4208;1
M3C_KEEPER_OF_ELAION_1;M3R4201;2
M3C_KEEPER_OF_ELAION_1;M3R4113;2
M3C_KEEPER_OF_ELAION_1;M3R4215;1
M3C_KEEPER_OF_ELAION_1;M3R4212;1
M3C_KEEPER_OF_ELAION_1;M3R4108;1
M3C_CLOUDHERDER_1;M3R5101;3
M3C_CLOUDHERDER_1;M3R5102;2
M3C_CLOUDHERDER_1;M3R5105;2
M3C_CLOUDHERDER_1;M3R5111;2
M3C_CLOUDHERDER_1;M3R7102;2
M3C_CLOUDHERDER_1;M3R5215;1
M3C_CLOUDHERDER_1;M3R5202;1
M3C_CLOUDHERDER_1;M3R5117;1
M3C_CLOUDHERDER_1;M3R5114;2
M3C_CLOUDHERDER_1;M3R5211;1
M3C_CLOUDHERDER_1;M3R5214;1
M3C_CLOUDHERDER_1;M3R5112;2
M3C_CLOUDHERDER_1;M3R5109;1
M3C_CLOUDHERDER_1;M3R5108;1
M3C_CLOUDHERDER_1;M3R5113;2
M3C_CLOUDHERDER_1;M3R5212;1
M3C_CLOUDHERDER_1;M3R5115;2
M3C_CLOUDHERDER_1;M3R5201;2
M3C_CLOUDHERDER_1;M3R5213;1
M3C_BEASTHUNTER_1;M3R6101;3
M3C_BEASTHUNTER_1;M3R7103;1
M3C_BEASTHUNTER_1;M3R6102;2
M3C_BEASTHUNTER_1;M3R6105;2
M3C_BEASTHUNTER_1;M3R7102;2
M3C_BEASTHUNTER_1;M3R6214;1
M3C_BEASTHUNTER_1;M3R6111;2
M3C_BEASTHUNTER_1;M3R6114;2
M3C_BEASTHUNTER_1;M3R6213;1
M3C_BEASTHUNTER_1;M3R6202;1
M3C_BEASTHUNTER_1;M3R6117;1
M3C_BEASTHUNTER_1;M3R6108;1
M3C_BEASTHUNTER_1;M3R6113;1
M3C_BEASTHUNTER_1;M3R6112;1
M3C_BEASTHUNTER_1;M3R6212;1
M3C_BEASTHUNTER_1;M3R6215;1
M3C_BEASTHUNTER_1;M3R6109;1
M3C_BEASTHUNTER_1;M3R6115;2
M3C_BEASTHUNTER_1;M3R6211;1
M3C_BEASTHUNTER_1;M3R6201;2
M3C_BEASTHUNTER_1;M3R7301;1
M3C_LIONESS_1;M3R6104;6
M3C_LIONESS_1;M3R6103;6
M3C_LIONESS_1;M3R6221;3
M3C_LIONESS_1;M3R6224;3
M3C_LIONESS_1;M3R6223;6
M3C_LIONESS_1;M3R6222;6
M3C_BONUS_ROOM_1;M3R3204;30
M3C_AURA_1;M3R5101;1
M3C_AURA_1;M3R5102;2
M3C_AURA_1;M3R5111;2
M3C_AURA_1;M3R5311;1
M3C_AURA_1;M3R5215;1
M3C_AURA_1;M3R5211;2
M3C_AURA_1;M3R5114;2
M3C_AURA_1;M3R5301;1
M3C_AURA_1;M3R5313;1
M3C_AURA_1;M3R5112;2
M3C_AURA_1;M3R5212;1
M3C_AURA_1;M3R5108;3
M3C_AURA_1;M3R5113;2
M3C_AURA_1;M3R5115;2
M3C_AURA_1;M3R5309;1
M3C_AURA_1;M3R5315;1
M3C_AURA_1;M3R5210;1
M3C_AURA_1;M3R5201;1
M3C_AURA_1;M3R5203;2
M3C_AURA_1;M3R5107;1
M3C_RORAX_1;M3R6101;2
M3C_RORAX_1;M3R6103;2
M3C_RORAX_1;M3R6110;1
M3C_RORAX_1;M3R6206;1
M3C_RORAX_1;M3R6115;2
M3C_RORAX_1;M3R6204;1
M3C_RORAX_1;M3R6212;1
M3C_RORAX_1;M3R6147;2
M3C_RORAX_1;M3R6215;1
M3C_RORAX_1;M3R6304;2
M3C_RORAX_1;M3R6146;2
M3C_RORAX_1;M3R6113;2
M3C_RORAX_1;M3R6211;2
M3C_RORAX_1;M3R6343;2
M3C_RORAX_1;M3R6302;2
M3C_RORAX_1;M3R6201;1
M3C_RORAX_1;M3R6104;2
M3C_RORAX_1;M3R6203;2
M3C_MARADIA_1;M3R1105;2
M3C_MARADIA_1;M3R1103;2
M3C_MARADIA_1;M3R1222;1
M3C_MARADIA_1;M3R1221;1
M3C_MARADIA_1;M3R1202;1
M3C_MARADIA_1;M3R1112;2
M3C_MARADIA_1;M3R1109;1
M3C_MARADIA_1;M3R1348;1
M3C_MARADIA_1;M3R1314;1
M3C_MARADIA_1;M3R1213;1
M3C_MARADIA_1;M3R1205;3
M3C_MARADIA_1;M3R1308;1
M3C_MARADIA_1;M3R1302;2
M3C_MARADIA_1;M3R1210;2
M3C_MARADIA_1;M3R1303;1
M3C_MARADIA_1;M3R1201;2
M3C_MARADIA_1;M3R1108;2
M3C_MARADIA_1;M3R1203;1
M3C_MARADIA_1;M3R1107;2
M3C_MARADIA_1;M3R1310;1
M3C_SVARTELD_1;M3R2105;2
M3C_SVARTELD_1;M3R2110;1
M3C_SVARTELD_1;M3R3108;3
M3C_SVARTELD_1;M3R2103;2
M3C_SVARTELD_1;M3R2205;2
M3C_SVARTELD_1;M3R2221;2
M3C_SVARTELD_1;M3R2204;1
M3C_SVARTELD_1;M3R2211;1
M3C_SVARTELD_1;M3R2109;1
M3C_SVARTELD_1;M3R2212;2
M3C_SVARTELD_1;M3R2113;2
M3C_SVARTELD_1;M3R2314;2
M3C_SVARTELD_1;M3R2246;2
M3C_SVARTELD_1;M3R2201;2
M3C_SVARTELD_1;M3R2302;1
M3C_SVARTELD_1;M3R2203;1
M3C_SVARTELD_1;M3R2107;1
M3C_SVARTELD_1;M3R2108;1
M3C_SVARTELD_1;M3R2304;1
M3C_NIMUEL_1;M3R3110;2
M3C_NIMUEL_1;M3R3108;3
M3C_NIMUEL_1;M3R3112;1
M3C_NIMUEL_1;M3R3115;1
M3C_NIMUEL_1;M3R3202;1
M3C_NIMUEL_1;M3R3208;1
M3C_NIMUEL_1;M3R3142;1
M3C_NIMUEL_1;M3R3141;1
M3C_NIMUEL_1;M3R3106;1
M3C_NIMUEL_1;M3R3109;2
M3C_NIMUEL_1;M3R3315;1
M3C_NIMUEL_1;M3R3313;1
M3C_NIMUEL_1;M3R3114;1
M3C_NIMUEL_1;M3R3103;1
M3C_NIMUEL_1;M3R3301;1
M3C_NIMUEL_1;M3R3111;1
M3C_NIMUEL_1;M3R3210;2
M3C_NIMUEL_1;M3R3241;1
M3C_NIMUEL_1;M3R3201;1
M3C_NIMUEL_1;M3R3302;2
M3C_NIMUEL_1;M3R3309;1
M3C_NIMUEL_1;M3R3316;1
M3C_NIMUEL_1;M3R3203;2
M3C_LEANA_1;M3R4101;2
M3C_LEANA_1;M3R4204;1
M3C_LEANA_1;M3R4202;1
M3C_LEANA_1;M3R4117;1
M3C_LEANA_1;M3R4111;2
M3C_LEANA_1;M3R4106;1
M3C_LEANA_1;M3R4103;1
M3C_LEANA_1;M3R4347;1
M3C_LEANA_1;M3R4114;2
M3C_LEANA_1;M3R4109;1
M3C_LEANA_1;M3R4112;2
M3C_LEANA_1;M3R4113;2
M3C_LEANA_1;M3R4201;2
M3C_LEANA_1;M3R4313;1
M3C_LEANA_1;M3R4302;2
M3C_LEANA_1;M3R4115;2
M3C_LEANA_1;M3R4311;1
M3C_LEANA_1;M3R4312;1
M3C_LEANA_1;M3R4203;2
M3C_LEANA_1;M3R4304;1
M3C_LEANA_1;M3R4108;1
M3C_BONUS_ROOM_HEROES;M3R3204;30
M3C_NHUBI_VEHLIRA_SANDVEIL;M3R7201;3
M3C_NHUBI_VEHLIRA_SANDVEIL;M3R1316;3
M3C_NHUBI_VEHLIRA_SANDVEIL;M3R1310;3
M3C_NHUBI_VEHLIRA_SANDVEIL;M3R1210;3
M3C_NHUBI_VEHLIRA_SANDVEIL;M3R1208;3
M3C_NHUBI_VEHLIRA_SANDVEIL;M3R1201;3
M3C_NHUBI_VEHLIRA_SANDVEIL;M3R1101;3
M3C_NHUBI_VEHLIRA_SANDVEIL;M3R1107;3
M3C_NHUBI_VEHLIRA_SANDVEIL;M3R1109;3
M3C_NHUBI_VEHLIRA_SANDVEIL;M3R1108;3
M3C_NHUBI_SANGUINE_INITIATE;M3R2308;1
M3C_NHUBI_SANGUINE_INITIATE;M3R3110;2
M3C_NHUBI_SANGUINE_INITIATE;M3R1115;3
M3C_NHUBI_SANGUINE_INITIATE;M3R6117;2
M3C_NHUBI_SANGUINE_INITIATE;M3R1120;2
M3C_NHUBI_SANGUINE_INITIATE;M3R1202;3
M3C_NHUBI_SANGUINE_INITIATE;M3R1117;3
M3C_NHUBI_SANGUINE_INITIATE;M3R1112;3
M3C_NHUBI_SANGUINE_INITIATE;M3R1342;3
M3C_NHUBI_SANGUINE_INITIATE;M3R1113;2
M3C_NHUBI_SANGUINE_INITIATE;M3R1215;3
M3C_NHUBI_SANGUINE_INITIATE;M3R1108;1
M3C_NHUBI_SANGUINE_INITIATE;M3R1203;2
M3C_NHUBI_SNAKECATCHER;M3R7201;3
M3C_NHUBI_SNAKECATCHER;M3R1101;3
M3C_NHUBI_SNAKECATCHER;M3R1105;3
M3C_NHUBI_SNAKECATCHER;M3R1104;3
M3C_NHUBI_SNAKECATCHER;M3R1224;3
M3C_NHUBI_SNAKECATCHER;M3R1208;1
M3C_NHUBI_SNAKECATCHER;M3R2118;3
M3C_NHUBI_SNAKECATCHER;M3R1118;3
M3C_NHUBI_SNAKECATCHER;M3R6118;3
M3C_NHUBI_SNAKECATCHER;M3R1210;3
M3C_NHUBI_SNAKECATCHER;M3R1108;2
M3C_NHUBI_LIFEWEAVER;M3R3110;2
M3C_NHUBI_LIFEWEAVER;M3R1114;1
M3C_NHUBI_LIFEWEAVER;M3R5117;1
M3C_NHUBI_LIFEWEAVER;M3R1117;2
M3C_NHUBI_LIFEWEAVER;M3R6117;1
M3C_NHUBI_LIFEWEAVER;M3R4117;1
M3C_NHUBI_LIFEWEAVER;M3R1106;1
M3C_NHUBI_LIFEWEAVER;M3R5207;1
M3C_NHUBI_LIFEWEAVER;M3R1112;3
M3C_NHUBI_LIFEWEAVER;M3R1111;1
M3C_NHUBI_LIFEWEAVER;M3R1211;1
M3C_NHUBI_LIFEWEAVER;M3R1214;3
M3C_NHUBI_LIFEWEAVER;M3R1342;2
M3C_NHUBI_LIFEWEAVER;M3R1113;1
M3C_NHUBI_LIFEWEAVER;M3R1346;3
M3C_NHUBI_LIFEWEAVER;M3R1212;2
M3C_NHUBI_LIFEWEAVER;M3R1210;1
M3C_NHUBI_LIFEWEAVER;M3R1119;1
M3C_NHUBI_LIFEWEAVER;M3R1313;2
M3C_NHUBI_AZHALEA;M3R1402;1
M3C_NHUBI_AZHALEA;M3R1314;1
M3C_NHUBI_AZHALEA;M3R1111;3
M3C_NHUBI_AZHALEA;M3R1302;2
M3C_NHUBI_AZHALEA;M3R1307;2
M3C_NHUBI_AZHALEA;M3R1103;3
M3C_NHUBI_AZHALEA;M3R1204;2
M3C_NHUBI_AZHALEA;M3R1203;2
M3C_NHUBI_AZHALEA;M3R1120;2
M3C_NHUBI_AZHALEA;M3R1201;3
M3C_NHUBI_AZHALEA;M3R1202;3
M3C_NHUBI_AZHALEA;M3R1105;3
M3C_NHUBI_AZHALEA;M3R1101;3
M3C_NHUBI_AZHRATHMA;M3R1101;2
M3C_NHUBI_AZHRATHMA;M3R1310;2
M3C_NHUBI_AZHRATHMA;M3R1202;2
M3C_NHUBI_AZHRATHMA;M3R1111;3
M3C_NHUBI_AZHRATHMA;M3R1112;3
M3C_NHUBI_AZHRATHMA;M3R1113;3
M3C_NHUBI_AZHRATHMA;M3R1214;3
M3C_NHUBI_AZHRATHMA;M3R1213;3
M3C_NHUBI_AZHRATHMA;M3R1311;3
M3C_NHUBI_AZHRATHMA;M3R1313;3
M3C_NHUBI_AZHRATHMA;M3R1314;3
M3C_NHUBI_SANDWORM;M3R1102;5
M3C_NHUBI_SANDWORM;M3R1221;5
M3C_NHUBI_SANDWORM;M3R1222;5
M3C_NHUBI_SANDWORM;M3R1223;5
M3C_NHUBI_SANDWORM;M3R1224;5
M3C_NHUBI_SANDWORM;M3R1307;5
M3C_BONUS_ROOM_NHUBI;M3C236;2
M3C_BONUS_ROOM_NHUBI;M3C235;2
M3C_BONUS_ROOM_NHUBI;M3C234;2
M3C_BONUS_ROOM_NHUBI;M3C233;2
M3C_BONUS_ROOM_NHUBI;M3C232;2
M3C_BONUS_ROOM_NHUBI;M3C231;2
M3C_BONUS_ROOM_NHUBI;M3C226;2
M3C_BONUS_ROOM_NHUBI;M3C225;2
M3C_BONUS_ROOM_NHUBI;M3C224;2
M3C_BONUS_ROOM_NHUBI;M3C223;2
M3C_BONUS_ROOM_NHUBI;M3C222;2
M3C_BONUS_ROOM_NHUBI;M3C221;2
M3C_BONUS_ROOM_NHUBI;M3C216;2
M3C_BONUS_ROOM_NHUBI;M3C215;2
M3C_BONUS_ROOM_NHUBI;M3C214;2
M3C_BONUS_ROOM_NHUBI;M3C213;2
M3C_BONUS_ROOM_NHUBI;M3C212;2
M3C_BONUS_ROOM_NHUBI;M3C211;2
M3C_BONUS_ROOM_NHUBI;M3C203;2
M3C_BONUS_ROOM_NHUBI;M3C202;2
M3C_OBSCURA_OVERWORLD_SMUGGLER;M3R3303;2
M3C_OBSCURA_OVERWORLD_SMUGGLER;M3R5202;3
M3C_OBSCURA_OVERWORLD_SMUGGLER;M3R6202;3
M3C_OBSCURA_OVERWORLD_SMUGGLER;M3R4202;3
M3C_OBSCURA_OVERWORLD_SMUGGLER;M3R3202;3
M3C_OBSCURA_OVERWORLD_SMUGGLER;M3R2202;3
M3C_OBSCURA_OVERWORLD_SMUGGLER;M3R1202;3
M3C_OBSCURA_OVERWORLD_SMUGGLER;M3R5109;2
M3C_OBSCURA_OVERWORLD_SMUGGLER;M3R6109;2
M3C_OBSCURA_OVERWORLD_SMUGGLER;M3R4109;2
M3C_OBSCURA_OVERWORLD_SMUGGLER;M3R3109;2
M3C_OBSCURA_OVERWORLD_SMUGGLER;M3R1109;2
M3C_OBSCURA_UNDERSEA_FISHER;M3R2209;3
M3C_OBSCURA_UNDERSEA_FISHER;M3R2307;1
M3C_OBSCURA_UNDERSEA_FISHER;M3R2302;1
M3C_OBSCURA_UNDERSEA_FISHER;M3R2208;5
M3C_OBSCURA_UNDERSEA_FISHER;M3R2207;5
M3C_OBSCURA_UNDERSEA_FISHER;M3R2202;5
M3C_OBSCURA_UNDERSEA_FISHER;M3R2203;5
M3C_OBSCURA_UNDERSEA_FISHER;M3R4222;5
M3C_OBSCURA_GUARDIAN_OF_STYX;M3R2115;5
M3C_OBSCURA_GUARDIAN_OF_STYX;M3R2109;3
M3C_OBSCURA_GUARDIAN_OF_STYX;M3R2346;5
M3C_OBSCURA_GUARDIAN_OF_STYX;M3R2307;1
M3C_OBSCURA_GUARDIAN_OF_STYX;M3R2314;5
M3C_OBSCURA_GUARDIAN_OF_STYX;M3R2202;5
M3C_OBSCURA_GUARDIAN_OF_STYX;M3R2101;5
M3C_OBSCURA_GUARDIAN_OF_STYX;M3R2401;1
M3C_OBSCURA_LAST_PILGRIM;M3R2347;5
M3C_OBSCURA_LAST_PILGRIM;M3R2101;5
M3C_OBSCURA_LAST_PILGRIM;M3R4314;5
M3C_OBSCURA_LAST_PILGRIM;M3R2119;5
M3C_OBSCURA_LAST_PILGRIM;M3R3116;5
M3C_OBSCURA_LAST_PILGRIM;M3R2313;5
M3C_OBSCURA_MELINE;M3R2309;1
M3C_OBSCURA_MELINE;M3R2120;2
M3C_OBSCURA_MELINE;M3R2202;2
M3C_OBSCURA_MELINE;M3R2111;1
M3C_OBSCURA_MELINE;M3R2311;3
M3C_OBSCURA_MELINE;M3R2211;3
M3C_OBSCURA_MELINE;M3R2112;1
M3C_OBSCURA_MELINE;M3R2109;3
M3C_OBSCURA_MELINE;M3R2212;1
M3C_OBSCURA_MELINE;M3R2301;3
M3C_OBSCURA_MELINE;M3R2113;2
M3C_OBSCURA_MELINE;M3R2314;2
M3C_OBSCURA_MELINE;M3R2116;2
M3C_OBSCURA_MELINE;M3R2315;1
M3C_OBSCURA_MELINE;M3R2203;2
M3C_OBSCURA_MELINE;M3R2303;1
M3C_OBSCURA_OUROBOROS;M3R2202;1
M3C_OBSCURA_OUROBOROS;M3R2118;1
M3C_OBSCURA_OUROBOROS;M3R2104;10
M3C_OBSCURA_OUROBOROS;M3R2116;1
M3C_OBSCURA_OUROBOROS;M3R2307;10
M3C_OBSCURA_OUROBOROS;M3R2203;1
M3C_OBSCURA_OUROBOROS;M3R2303;1
M3C_OBSCURA_OUROBOROS;M3R2304;5
M3C_BONUS_ROOM_OBSCURA;M3C202;1
M3C_BONUS_ROOM_OBSCURA;M3C236;1
M3C_BONUS_ROOM_OBSCURA;M3C235;1
M3C_BONUS_ROOM_OBSCURA;M3C234;1
M3C_BONUS_ROOM_OBSCURA;M3C233;1
M3C_BONUS_ROOM_OBSCURA;M3C232;1
M3C_BONUS_ROOM_OBSCURA;M3C231;1
M3C_BONUS_ROOM_OBSCURA;M3C226;1
M3C_BONUS_ROOM_OBSCURA;M3C225;1
M3C_BONUS_ROOM_OBSCURA;M3C224;1
M3C_BONUS_ROOM_OBSCURA;M3C223;1
M3C_BONUS_ROOM_OBSCURA;M3C222;1
M3C_BONUS_ROOM_OBSCURA;M3C221;1
M3C_BONUS_ROOM_OBSCURA;M3C216;1
M3C_BONUS_ROOM_OBSCURA;M3C215;1
M3C_BONUS_ROOM_OBSCURA;M3C214;1
M3C_BONUS_ROOM_OBSCURA;M3C213;1
M3C_BONUS_ROOM_OBSCURA;M3C212;1
M3C_BONUS_ROOM_OBSCURA;M3C211;1
M3C_BONUS_ROOM_OBSCURA;M3C203;1
M3C_VAPYRO_SMOLDERREEF_CORSAIR;M3R3101;2
M3C_VAPYRO_SMOLDERREEF_CORSAIR;M3R4116;2
M3C_VAPYRO_SMOLDERREEF_CORSAIR;M3R3102;2
M3C_VAPYRO_SMOLDERREEF_CORSAIR;M3R3108;2
M3C_VAPYRO_SMOLDERREEF_CORSAIR;M3R3115;2
M3C_VAPYRO_SMOLDERREEF_CORSAIR;M3R3208;2
M3C_VAPYRO_SMOLDERREEF_CORSAIR;M3R3202;2
M3C_VAPYRO_SMOLDERREEF_CORSAIR;M3R3113;2
M3C_VAPYRO_SMOLDERREEF_CORSAIR;M3R4303;2
M3C_VAPYRO_SMOLDERREEF_CORSAIR;M3R3211;3
M3C_VAPYRO_SMOLDERREEF_CORSAIR;M3R3214;2
M3C_VAPYRO_SMOLDERREEF_CORSAIR;M3R2346;2
M3C_VAPYRO_SMOLDERREEF_CORSAIR;M3R3116;3
M3C_VAPYRO_SMOLDERREEF_CORSAIR;M3R3203;2
M3C_VAPYRO_IKAIO_CALDERA_FISHER;M3R3110;3
M3C_VAPYRO_IKAIO_CALDERA_FISHER;M3R3101;3
M3C_VAPYRO_IKAIO_CALDERA_FISHER;M3R3108;3
M3C_VAPYRO_IKAIO_CALDERA_FISHER;M3R3105;2
M3C_VAPYRO_IKAIO_CALDERA_FISHER;M3R3115;3
M3C_VAPYRO_IKAIO_CALDERA_FISHER;M3R3202;2
M3C_VAPYRO_IKAIO_CALDERA_FISHER;M3R3117;3
M3C_VAPYRO_IKAIO_CALDERA_FISHER;M3R3114;1
M3C_VAPYRO_IKAIO_CALDERA_FISHER;M3R3211;1
M3C_VAPYRO_IKAIO_CALDERA_FISHER;M3R3313;1
M3C_VAPYRO_IKAIO_CALDERA_FISHER;M3R3315;2
M3C_VAPYRO_IKAIO_CALDERA_FISHER;M3R3213;3
M3C_VAPYRO_IKAIO_CALDERA_FISHER;M3R3214;1
M3C_VAPYRO_IKAIO_CALDERA_FISHER;M3R3314;1
M3C_VAPYRO_IKAIO_CALDERA_FISHER;M3R3312;1
M3C_VAPYRO_KAILANI_SHIPWRIGHT;M3R3104;3
M3C_VAPYRO_KAILANI_SHIPWRIGHT;M3R3202;3
M3C_VAPYRO_KAILANI_SHIPWRIGHT;M3R3246;2
M3C_VAPYRO_KAILANI_SHIPWRIGHT;M3R3114;3
M3C_VAPYRO_KAILANI_SHIPWRIGHT;M3R3313;3
M3C_VAPYRO_KAILANI_SHIPWRIGHT;M3R3214;2
M3C_VAPYRO_KAILANI_SHIPWRIGHT;M3R3301;1
M3C_VAPYRO_KAILANI_SHIPWRIGHT;M3R3304;2
M3C_VAPYRO_KAILANI_SHIPWRIGHT;M3R3241;2
M3C_VAPYRO_KAILANI_SHIPWRIGHT;M3R3302;3
M3C_VAPYRO_KAILANI_SHIPWRIGHT;M3R3309;2
M3C_VAPYRO_KAILANI_SHIPWRIGHT;M3R3203;2
M3C_VAPYRO_KAILANI_SHIPWRIGHT;M3R3342;1
M3C_VAPYRO_AOLA_FLAMEDANCER;M3R3101;3
M3C_VAPYRO_AOLA_FLAMEDANCER;M3R3105;3
M3C_VAPYRO_AOLA_FLAMEDANCER;M3R3120;2
M3C_VAPYRO_AOLA_FLAMEDANCER;M3R3118;2
M3C_VAPYRO_AOLA_FLAMEDANCER;M3R3104;1
M3C_VAPYRO_AOLA_FLAMEDANCER;M3R3109;2
M3C_VAPYRO_AOLA_FLAMEDANCER;M3R3213;1
M3C_VAPYRO_AOLA_FLAMEDANCER;M3R3315;2
M3C_VAPYRO_AOLA_FLAMEDANCER;M3R3111;1
M3C_VAPYRO_AOLA_FLAMEDANCER;M3R3215;1
M3C_VAPYRO_AOLA_FLAMEDANCER;M3R3210;3
M3C_VAPYRO_AOLA_FLAMEDANCER;M3R3310;3
M3C_VAPYRO_AOLA_FLAMEDANCER;M3R5310;3
M3C_VAPYRO_AOLA_FLAMEDANCER;M3R6310;3
M3C_VAPYRO_MALO_SOVEREIGN;M3R3110;1
M3C_VAPYRO_MALO_SOVEREIGN;M3R3101;3
M3C_VAPYRO_MALO_SOVEREIGN;M3R3108;3
M3C_VAPYRO_MALO_SOVEREIGN;M3R3202;2
M3C_VAPYRO_MALO_SOVEREIGN;M3R3208;3
M3C_VAPYRO_MALO_SOVEREIGN;M3R3115;1
M3C_VAPYRO_MALO_SOVEREIGN;M3R3112;1
M3C_VAPYRO_MALO_SOVEREIGN;M3R3117;1
M3C_VAPYRO_MALO_SOVEREIGN;M3R3120;1
M3C_VAPYRO_MALO_SOVEREIGN;M3R3311;1
M3C_VAPYRO_MALO_SOVEREIGN;M3R3113;1
M3C_VAPYRO_MALO_SOVEREIGN;M3R3114;2
M3C_VAPYRO_MALO_SOVEREIGN;M3R3315;1
M3C_VAPYRO_MALO_SOVEREIGN;M3R3313;1
M3C_VAPYRO_MALO_SOVEREIGN;M3R3213;1
M3C_VAPYRO_MALO_SOVEREIGN;M3R3211;1
M3C_VAPYRO_MALO_SOVEREIGN;M3R3109;1
M3C_VAPYRO_MALO_SOVEREIGN;M3R3314;1
M3C_VAPYRO_MALO_SOVEREIGN;M3R3214;1
M3C_VAPYRO_MALO_SOVEREIGN;M3R3111;1
M3C_VAPYRO_MALO_SOVEREIGN;M3R3215;1
M3C_VAPYRO_MALO_SOVEREIGN;M3R3203;1
M3C_VAPYRO_HYDRA;M3R3401;1
M3C_VAPYRO_HYDRA;M3R3224;1
M3C_VAPYRO_HYDRA;M3R3223;1
M3C_VAPYRO_HYDRA;M3R3222;1
M3C_VAPYRO_HYDRA;M3R3221;1
M3C_VAPYRO_HYDRA;M3R3106;5
M3C_VAPYRO_HYDRA;M3R3102;5
M3C_VAPYRO_HYDRA;M3R3103;5
M3C_VAPYRO_HYDRA;M3R3304;10
M3C_BONUS_ROOM_VAPYRO;M3R3201;5
M3C_BONUS_ROOM_VAPYRO;M3R3208;5
M3C_BONUS_ROOM_VAPYRO;M3R3101;5
M3C_BONUS_ROOM_VAPYRO;M3R3108;5
M3C_BONUS_ROOM_VAPYRO;M3R3107;10
M3C_MERFOLK_WELLSPRING_HEALER;M3R4101;1
M3C_MERFOLK_WELLSPRING_HEALER;M3R4104;3
M3C_MERFOLK_WELLSPRING_HEALER;M3R4114;2
M3C_MERFOLK_WELLSPRING_HEALER;M3R2115;3
M3C_MERFOLK_WELLSPRING_HEALER;M3R4214;2
M3C_MERFOLK_WELLSPRING_HEALER;M3R4347;3
M3C_MERFOLK_WELLSPRING_HEALER;M3R4112;3
M3C_MERFOLK_WELLSPRING_HEALER;M3R4206;3
M3C_MERFOLK_WELLSPRING_HEALER;M3R4115;3
M3C_MERFOLK_WELLSPRING_HEALER;M3R4305;1
M3C_MERFOLK_WELLSPRING_HEALER;M3R4302;1
M3C_MERFOLK_WELLSPRING_HEALER;M3R4311;1
M3C_MERFOLK_WELLSPRING_HEALER;M3R4312;1
M3C_MERFOLK_WELLSPRING_HEALER;M3R4304;1
M3C_MERFOLK_WELLSPRING_HEALER;M3R4306;1
M3C_MERFOLK_WELLSPRING_HEALER;M3R7306;1
M3C_MERFOLK_GLOWFISH_TAMER;M3R4110;2
M3C_MERFOLK_GLOWFISH_TAMER;M3R7201;3
M3C_MERFOLK_GLOWFISH_TAMER;M3R4202;2
M3C_MERFOLK_GLOWFISH_TAMER;M3R4308;3
M3C_MERFOLK_GLOWFISH_TAMER;M3R4307;2
M3C_MERFOLK_GLOWFISH_TAMER;M3R4305;2
M3C_MERFOLK_GLOWFISH_TAMER;M3R4304;2
M3C_MERFOLK_GLOWFISH_TAMER;M3R4301;3
M3C_MERFOLK_GLOWFISH_TAMER;M3R4223;2
M3C_MERFOLK_GLOWFISH_TAMER;M3R4222;2
M3C_MERFOLK_GLOWFISH_TAMER;M3R4111;3
M3C_MERFOLK_GLOWFISH_TAMER;M3R5241;2
M3C_MERFOLK_GLOWFISH_TAMER;M3R2215;2
M3C_MERFOLK_SIRENIA;M3R4101;2
M3C_MERFOLK_SIRENIA;M3R4104;3
M3C_MERFOLK_SIRENIA;M3R5224;1
M3C_MERFOLK_SIRENIA;M3R2222;1
M3C_MERFOLK_SIRENIA;M3R4117;1
M3C_MERFOLK_SIRENIA;M3R4202;2
M3C_MERFOLK_SIRENIA;M3R4347;2
M3C_MERFOLK_SIRENIA;M3R4114;1
M3C_MERFOLK_SIRENIA;M3R4112;1
M3C_MERFOLK_SIRENIA;M3R4113;1
M3C_MERFOLK_SIRENIA;M3R4302;1
M3C_MERFOLK_SIRENIA;M3R4313;1
M3C_MERFOLK_SIRENIA;M3R4115;1
M3C_MERFOLK_SIRENIA;M3R4312;1
M3C_MERFOLK_SIRENIA;M3R7209;3
M3C_MERFOLK_SIRENIA;M3R4203;1
M3C_MERFOLK_SIRENIA;M3R4304;1
M3C_MERFOLK_SIRENIA;M3R7207;3
M3C_MERFOLK_SIRENIA;M3R7303;3
M3C_MERFOLK_ENDYMEAS;M3R2206;2
M3C_MERFOLK_ENDYMEAS;M3R4314;2
M3C_MERFOLK_ENDYMEAS;M3R4103;2
M3C_MERFOLK_ENDYMEAS;M3R2141;2
M3C_MERFOLK_ENDYMEAS;M3R4111;3
M3C_MERFOLK_ENDYMEAS;M3R2114;2
M3C_MERFOLK_ENDYMEAS;M3R4146;2
M3C_MERFOLK_ENDYMEAS;M3R4213;3
M3C_MERFOLK_ENDYMEAS;M3R2215;2
M3C_MERFOLK_ENDYMEAS;M3R4141;3
M3C_MERFOLK_ENDYMEAS;M3R2242;2
M3C_MERFOLK_ENDYMEAS;M3R4215;1
M3C_MERFOLK_ENDYMEAS;M3R4302;1
M3C_MERFOLK_ENDYMEAS;M3R2146;2
M3C_MERFOLK_ENDYMEAS;M3R4241;1
M3C_MERFOLK_RUBINIA_REDFIN;M3R4314;2
M3C_MERFOLK_RUBINIA_REDFIN;M3R4111;2
M3C_MERFOLK_RUBINIA_REDFIN;M3R4214;2
M3C_MERFOLK_RUBINIA_REDFIN;M3R4213;2
M3C_MERFOLK_RUBINIA_REDFIN;M3R4114;2
M3C_MERFOLK_RUBINIA_REDFIN;M3R4211;2
M3C_MERFOLK_RUBINIA_REDFIN;M3R4112;2
M3C_MERFOLK_RUBINIA_REDFIN;M3R4315;2
M3C_MERFOLK_RUBINIA_REDFIN;M3R4215;2
M3C_MERFOLK_RUBINIA_REDFIN;M3R4113;2
M3C_MERFOLK_RUBINIA_REDFIN;M3R4313;2
M3C_MERFOLK_RUBINIA_REDFIN;M3R4115;2
M3C_MERFOLK_RUBINIA_REDFIN;M3R4212;2
M3C_MERFOLK_RUBINIA_REDFIN;M3R4312;2
M3C_MERFOLK_RUBINIA_REDFIN;M3R4311;2
M3C_MERFOLK_KRAKEN;M3C302;5
M3C_BONUS_ROOM_MERFOLK;M3R4308;3
M3C_BONUS_ROOM_MERFOLK;M3R4307;3
M3C_BONUS_ROOM_MERFOLK;M3R4305;3
M3C_BONUS_ROOM_MERFOLK;M3R4304;3
M3C_BONUS_ROOM_MERFOLK;M3R4301;3
M3C_BONUS_ROOM_MERFOLK;M3R4223;5
M3C_BONUS_ROOM_MERFOLK;M3R4222;5
M3C_BONUS_ROOM_MERFOLK;M3R3205;5
M3C_SKYFOLK_SOUTHERN_GUARDIAN;M3R5308;3
M3C_SKYFOLK_SOUTHERN_GUARDIAN;M3R5101;2
M3C_SKYFOLK_SOUTHERN_GUARDIAN;M3R5102;2
M3C_SKYFOLK_SOUTHERN_GUARDIAN;M3R5111;3
M3C_SKYFOLK_SOUTHERN_GUARDIAN;M3R5311;1
M3C_SKYFOLK_SOUTHERN_GUARDIAN;M3R5202;3
M3C_SKYFOLK_SOUTHERN_GUARDIAN;M3R5314;1
M3C_SKYFOLK_SOUTHERN_GUARDIAN;M3R5211;3
M3C_SKYFOLK_SOUTHERN_GUARDIAN;M3R5342;1
M3C_SKYFOLK_SOUTHERN_GUARDIAN;M3R5301;1
M3C_SKYFOLK_SOUTHERN_GUARDIAN;M3R5313;2
M3C_SKYFOLK_SOUTHERN_GUARDIAN;M3R5212;3
M3C_SKYFOLK_SOUTHERN_GUARDIAN;M3R5201;1
M3C_SKYFOLK_SOUTHERN_GUARDIAN;M3R5209;1
M3C_SKYFOLK_SOUTHERN_GUARDIAN;M3R5302;2
M3C_SKYFOLK_SOUTHERN_GUARDIAN;M3R5203;1
M3C_SKYFOLK_MOUNTAINROOT_TRADER;M3R5111;3
M3C_SKYFOLK_MOUNTAINROOT_TRADER;M3R5344;3
M3C_SKYFOLK_MOUNTAINROOT_TRADER;M3R5117;3
M3C_SKYFOLK_MOUNTAINROOT_TRADER;M3R5202;2
M3C_SKYFOLK_MOUNTAINROOT_TRADER;M3R5207;2
M3C_SKYFOLK_MOUNTAINROOT_TRADER;M3R5342;3
M3C_SKYFOLK_MOUNTAINROOT_TRADER;M3R5313;3
M3C_SKYFOLK_MOUNTAINROOT_TRADER;M3R2312;3
M3C_SKYFOLK_MOUNTAINROOT_TRADER;M3R5112;1
M3C_SKYFOLK_MOUNTAINROOT_TRADER;M3R5204;2
M3C_SKYFOLK_MOUNTAINROOT_TRADER;M3R5115;2
M3C_SKYFOLK_MOUNTAINROOT_TRADER;M3R5315;3
M3C_SKYFOLK_THORNLAYER;M3R7201;3
M3C_SKYFOLK_THORNLAYER;M3R5101;2
M3C_SKYFOLK_THORNLAYER;M3R5202;3
M3C_SKYFOLK_THORNLAYER;M3R5114;1
M3C_SKYFOLK_THORNLAYER;M3R5112;1
M3C_SKYFOLK_THORNLAYER;M3R5313;3
M3C_SKYFOLK_THORNLAYER;M3R5212;3
M3C_SKYFOLK_THORNLAYER;M3R5205;3
M3C_SKYFOLK_THORNLAYER;M3R5302;2
M3C_SKYFOLK_THORNLAYER;M3R6106;3
M3C_SKYFOLK_THORNLAYER;M3R5106;1
M3C_SKYFOLK_THORNLAYER;M3R6307;3
M3C_SKYFOLK_THORNLAYER;M3R7305;2
M3C_SKYFOLK_IRSIA;M3R7201;2
M3C_SKYFOLK_IRSIA;M3R5101;3
M3C_SKYFOLK_IRSIA;M3R5202;2
M3C_SKYFOLK_IRSIA;M3R5305;3
M3C_SKYFOLK_IRSIA;M3R5212;2
M3C_SKYFOLK_IRSIA;M3R1212;3
M3C_SKYFOLK_IRSIA;M3R5115;3
M3C_SKYFOLK_IRSIA;M3R7209;2
M3C_SKYFOLK_IRSIA;M3R7109;2
M3C_SKYFOLK_IRSIA;M3R5203;2
M3C_SKYFOLK_IRSIA;M3R7302;3
M3C_SKYFOLK_IRSIA;M3R7303;3
M3C_SKYFOLK_RHUFHUR;M3R5101;1
M3C_SKYFOLK_RHUFHUR;M3R5120;2
M3C_SKYFOLK_RHUFHUR;M3R5311;3
M3C_SKYFOLK_RHUFHUR;M3R5202;2
M3C_SKYFOLK_RHUFHUR;M3R5305;3
M3C_SKYFOLK_RHUFHUR;M3R5141;2
M3C_SKYFOLK_RHUFHUR;M3R5109;3
M3C_SKYFOLK_RHUFHUR;M3R5212;2
M3C_SKYFOLK_RHUFHUR;M3R5115;2
M3C_SKYFOLK_RHUFHUR;M3R5302;2
M3C_SKYFOLK_RHUFHUR;M3R5213;2
M3C_SKYFOLK_RHUFHUR;M3R5203;2
M3C_SKYFOLK_RHUFHUR;M3R5310;3
M3C_SKYFOLK_RHUFHUR;M3R5401;1
M3C_SKYFOLK_PTERODACTYL;M3R5221;1
M3C_SKYFOLK_PTERODACTYL;M3R5222;1
M3C_SKYFOLK_PTERODACTYL;M3R5223;1
M3C_SKYFOLK_PTERODACTYL;M3R5224;1
M3C_SKYFOLK_PTERODACTYL;M3R5305;5
M3C_SKYFOLK_PTERODACTYL;M3R5205;5
M3C_SKYFOLK_PTERODACTYL;M3R5309;5
M3C_SKYFOLK_PTERODACTYL;M3R5306;10
M3C_SKYFOLK_PTERODACTYL;M3R5401;1
M3C_BONUS_ROOM_SKYFOLK;M3C231;2
M3C_BONUS_ROOM_SKYFOLK;M3C232;2
M3C_BONUS_ROOM_SKYFOLK;M3C233;2
M3C_BONUS_ROOM_SKYFOLK;M3C234;2
M3C_BONUS_ROOM_SKYFOLK;M3C235;3
M3C_BONUS_ROOM_SKYFOLK;M3C236;1
M3C_BONUS_ROOM_SKYFOLK;M3C226;1
M3C_BONUS_ROOM_SKYFOLK;M3C225;2
M3C_BONUS_ROOM_SKYFOLK;M3C224;1
M3C_BONUS_ROOM_SKYFOLK;M3C223;1
M3C_BONUS_ROOM_SKYFOLK;M3C222;1
M3C_BONUS_ROOM_SKYFOLK;M3C221;1
M3C_BONUS_ROOM_SKYFOLK;M3C216;1
M3C_BONUS_ROOM_SKYFOLK;M3C215;2
M3C_BONUS_ROOM_SKYFOLK;M3C214;1
M3C_BONUS_ROOM_SKYFOLK;M3C213;1
M3C_BONUS_ROOM_SKYFOLK;M3C212;1
M3C_BONUS_ROOM_SKYFOLK;M3C211;1
M3C_BONUS_ROOM_SKYFOLK;M3C203;2
M3C_BONUS_ROOM_SKYFOLK;M3C202;2
M3C_HUNTERS_OKADRA;M3R6309;1
M3C_HUNTERS_OKADRA;M3R6315;2
M3C_HUNTERS_OKADRA;M3R6312;2
M3C_HUNTERS_OKADRA;M3R6313;2
M3C_HUNTERS_OKADRA;M3R6201;1
M3C_HUNTERS_OKADRA;M3R6202;2
M3C_HUNTERS_OKADRA;M3R6206;2
M3C_HUNTERS_OKADRA;M3R6211;2
M3C_HUNTERS_OKADRA;M3R6212;2
M3C_HUNTERS_OKADRA;M3R6215;2
M3C_HUNTERS_OKADRA;M3R6142;2
M3C_HUNTERS_OKADRA;M3R6109;2
M3C_HUNTERS_OKADRA;M3R6111;2
M3C_HUNTERS_OKADRA;M3R6112;2
M3C_HUNTERS_OKADRA;M3R6113;2
M3C_HUNTERS_OKADRA;M3R6114;2
M3C_HUNTERS_MARESH_MARUKH;M3R6314;2
M3C_HUNTERS_MARESH_MARUKH;M3R5311;1
M3C_HUNTERS_MARESH_MARUKH;M3R6110;2
M3C_HUNTERS_MARESH_MARUKH;M3R4106;1
M3C_HUNTERS_MARESH_MARUKH;M3R6315;2
M3C_HUNTERS_MARESH_MARUKH;M3R2311;1
M3C_HUNTERS_MARESH_MARUKH;M3R1141;1
M3C_HUNTERS_MARESH_MARUKH;M3R6115;2
M3C_HUNTERS_MARESH_MARUKH;M3R6301;2
M3C_HUNTERS_MARESH_MARUKH;M3R6109;2
M3C_HUNTERS_MARESH_MARUKH;M3R4113;1
M3C_HUNTERS_MARESH_MARUKH;M3R6146;1
M3C_HUNTERS_MARESH_MARUKH;M3R6304;2
M3C_HUNTERS_MARESH_MARUKH;M3R5115;1
M3C_HUNTERS_MARESH_MARUKH;M3R5213;1
M3C_HUNTERS_MARESH_MARUKH;M3R6312;3
M3C_HUNTERS_MARESH_MARUKH;M3R6306;1
M3C_HUNTERS_MARESH_MARUKH;M3R6310;2
M3C_HUNTERS_MARESH_MARUKH;M3R7302;1
M3C_HUNTERS_MARESH_MARUKH;M3R7303;1
M3C_HUNTERS_MAREOLA;M3R6117;3
M3C_HUNTERS_MAREOLA;M3R5224;3
M3C_HUNTERS_MAREOLA;M3R5223;3
M3C_HUNTERS_MAREOLA;M3R5106;3
M3C_HUNTERS_MAREOLA;M3R5104;3
M3C_HUNTERS_MAREOLA;M3R5102;3
M3C_HUNTERS_MAREOLA;M3R2222;3
M3C_HUNTERS_MAREOLA;M3R2221;3
M3C_HUNTERS_MAREOLA;M3R1206;3
M3C_HUNTERS_MAREOLA;M3R2102;3
M3C_HUNTERS_AURETTE;M3R6241;3
M3C_HUNTERS_AURETTE;M3R6204;3
M3C_HUNTERS_AURETTE;M3R5104;2
M3C_HUNTERS_AURETTE;M3R4146;2
M3C_HUNTERS_AURETTE;M3R2142;2
M3C_HUNTERS_AURETTE;M3R1348;2
M3C_HUNTERS_AURETTE;M3R6142;3
M3C_HUNTERS_AURETTE;M3R6115;3
M3C_HUNTERS_AURETTE;M3R7302;2
M3C_HUNTERS_AURETTE;M3R6401;3
M3C_HUNTERS_AURETTE;M3R5401;1
M3C_HUNTERS_AURETTE;M3R4401;1
M3C_HUNTERS_AURETTE;M3R3401;1
M3C_HUNTERS_AURETTE;M3R2401;1
M3C_HUNTERS_AURETTE;M3R1401;1
M3C_HUNTERS_SCHMOTTILIE;M3R1223;5
M3C_HUNTERS_SCHMOTTILIE;M3R6102;15
M3C_HUNTERS_SCHMOTTILIE;M3R6206;10
M3C_HUNTERS_KAISER_BEAST;M3R6118;5
M3C_HUNTERS_KAISER_BEAST;M3R6103;5
M3C_HUNTERS_KAISER_BEAST;M3R6104;5
M3C_HUNTERS_KAISER_BEAST;M3R6221;1
M3C_HUNTERS_KAISER_BEAST;M3R6222;1
M3C_HUNTERS_KAISER_BEAST;M3R6223;1
M3C_HUNTERS_KAISER_BEAST;M3R6224;1
M3C_HUNTERS_KAISER_BEAST;M3R6401;1
M3C_HUNTERS_KAISER_BEAST;M3R6308;10
M3C_BONUS_ROOM_HUNTERS;M3R6308;1
M3C_BONUS_ROOM_HUNTERS;M3R6223;1
M3C_BONUS_ROOM_HUNTERS;M3R6222;1
M3C_BONUS_ROOM_HUNTERS;M3R6207;1
M3C_BONUS_ROOM_HUNTERS;M3R6104;1
M3C_BONUS_ROOM_HUNTERS;M3R6103;1
M3C_BONUS_ROOM_HUNTERS;M3R5205;1
M3C_BONUS_ROOM_HUNTERS;M3R4224;1
M3C_BONUS_ROOM_HUNTERS;M3R4207;1
M3C_BONUS_ROOM_HUNTERS;M3R3224;1
M3C_BONUS_ROOM_HUNTERS;M3R3104;1
M3C_BONUS_ROOM_HUNTERS;M3R2306;1
M3C_BONUS_ROOM_HUNTERS;M3R2223;1
M3C_BONUS_ROOM_HUNTERS;M3R2103;1
M3C_BONUS_ROOM_HUNTERS;M3R1307;1
M3C_BONUS_ROOM_HUNTERS;M3R1306;1
M3C_BONUS_ROOM_HUNTERS;M3R1222;1
M3C_BONUS_ROOM_HUNTERS;M3R1106;1
M3C_BURLA_PHALANX;M3R6101;1
M3C_BURLA_PHALANX;M3R6105;2
M3C_BURLA_PHALANX;M3R6202;3
M3C_BURLA_PHALANX;M3R6141;3
M3C_BURLA_PHALANX;M3R6120;2
M3C_BURLA_PHALANX;M3R6342;1
M3C_BURLA_PHALANX;M3R6142;2
M3C_BURLA_PHALANX;M3R6109;2
M3C_BURLA_PHALANX;M3R6341;2
M3C_BURLA_PHALANX;M3R6241;2
M3C_BURLA_PHALANX;M3R6343;1
M3C_BURLA_PHALANX;M3R6209;3
M3C_BURLA_PHALANX;M3R6305;3
M3C_BURLA_PHALANX;M3R6203;3
M3C_BURLA_KEREN;M3R4120;1
M3C_BURLA_KEREN;M3R6120;1
M3C_BURLA_KEREN;M3R1120;1
M3C_BURLA_KEREN;M3R1224;1
M3C_BURLA_KEREN;M3R1222;1
M3C_BURLA_KEREN;M3R4221;1
M3C_BURLA_KEREN;M3R4224;1
M3C_BURLA_KEREN;M3R6221;1
M3C_BURLA_KEREN;M3R6224;1
M3C_BURLA_KEREN;M3R6247;1
M3C_BURLA_KEREN;M3R6314;1
M3C_BURLA_KEREN;M3R1246;2
M3C_BURLA_KEREN;M3R4346;3
M3C_BURLA_KEREN;M3R6209;3
M3C_BURLA_KEREN;M3R1303;1
M3C_BURLA_KEREN;M3R6201;2
M3C_BURLA_KEREN;M3R4201;3
M3C_BURLA_KEREN;M3R1203;1
M3C_BURLA_KEREN;M3R4203;1
M3C_BURLA_KEREN;M3R6203;1
M3C_BURLA_KEREN;M3R6403;1
M3C_BURLA_KEREN;M3R6308;1
M3C_BURLA_SESSERS_DAUGHTER;M3R6105;2
M3C_BURLA_SESSERS_DAUGHTER;M3R6120;2
M3C_BURLA_SESSERS_DAUGHTER;M3R6141;2
M3C_BURLA_SESSERS_DAUGHTER;M3R4146;2
M3C_BURLA_SESSERS_DAUGHTER;M3R1246;2
M3C_BURLA_SESSERS_DAUGHTER;M3R6142;3
M3C_BURLA_SESSERS_DAUGHTER;M3R6342;2
M3C_BURLA_SESSERS_DAUGHTER;M3R1348;2
M3C_BURLA_SESSERS_DAUGHTER;M3R6241;3
M3C_BURLA_SESSERS_DAUGHTER;M3R4346;2
M3C_BURLA_SESSERS_DAUGHTER;M3R6343;2
M3C_BURLA_SESSERS_DAUGHTER;M3R6209;2
M3C_BURLA_SESSERS_DAUGHTER;M3R6203;2
M3C_BURLA_SESSERS_DAUGHTER;M3R6307;2
M3C_BURLA_LOGGER;M3R4314;3
M3C_BURLA_LOGGER;M3R6224;1
M3C_BURLA_LOGGER;M3R6223;1
M3C_BURLA_LOGGER;M3R6222;1
M3C_BURLA_LOGGER;M3R6221;1
M3C_BURLA_LOGGER;M3R6120;2
M3C_BURLA_LOGGER;M3R4120;2
M3C_BURLA_LOGGER;M3R1120;2
M3C_BURLA_LOGGER;M3R6247;3
M3C_BURLA_LOGGER;M3R6302;1
M3C_BURLA_LOGGER;M3R6209;3
M3C_BURLA_LOGGER;M3R6305;1
M3C_BURLA_LOGGER;M3R6403;1
M3C_BURLA_LOGGER;M3R6402;1
M3C_BURLA_LOGGER;M3R6308;1
M3C_BURLA_LOGGER;M3R6401;1
M3C_BURLA_LOGGER;M3R1310;2
M3C_BURLA_LOGGER;M3R7302;3
M3C_BURLA_LINDE;M3R7201;3
M3C_BURLA_LINDE;M3R1120;1
M3C_BURLA_LINDE;M3R6120;1
M3C_BURLA_LINDE;M3R4120;1
M3C_BURLA_LINDE;M3R6141;3
M3C_BURLA_LINDE;M3R4143;3
M3C_BURLA_LINDE;M3R1246;1
M3C_BURLA_LINDE;M3R4146;3
M3C_BURLA_LINDE;M3R6142;3
M3C_BURLA_LINDE;M3R1348;3
M3C_BURLA_LINDE;M3R6241;1
M3C_BURLA_LINDE;M3R6343;1
M3C_BURLA_LINDE;M3R6209;3
M3C_BURLA_LINDE;M3R4301;3
M3C_BONUS_ROOM_BURLA;M3C209;18
M3C_BONUS_ROOM_BURLA;M3C208;12
M3C_VANTU_STOIC_ASSASSIN;M3R1206;2
M3C_VANTU_STOIC_ASSASSIN;M3R2311;1
M3C_VANTU_STOIC_ASSASSIN;M3R2302;2
M3C_VANTU_STOIC_ASSASSIN;M3R2203;3
M3C_VANTU_STOIC_ASSASSIN;M3R2202;3
M3C_VANTU_STOIC_ASSASSIN;M3R2115;1
M3C_VANTU_STOIC_ASSASSIN;M3R2101;2
M3C_VANTU_STOIC_ASSASSIN;M3R2146;3
M3C_VANTU_STOIC_ASSASSIN;M3R2104;3
M3C_VANTU_STOIC_ASSASSIN;M3R2303;3
M3C_VANTU_STOIC_ASSASSIN;M3R2346;3
M3C_VANTU_STOIC_ASSASSIN;M3R4341;1
M3C_VANTU_STOIC_ASSASSIN;M3R4209;3
M3C_VANTU_SPY;M3R1107;2
M3C_VANTU_SPY;M3R1115;3
M3C_VANTU_SPY;M3R2312;1
M3C_VANTU_SPY;M3R2313;2
M3C_VANTU_SPY;M3R2401;1
M3C_VANTU_SPY;M3R2119;2
M3C_VANTU_SPY;M3R4241;2
M3C_VANTU_SPY;M3R4209;2
M3C_VANTU_SPY;M3R4212;3
M3C_VANTU_SPY;M3R4214;3
M3C_VANTU_SPY;M3R4341;3
M3C_VANTU_SPY;M3R5315;2
M3C_VANTU_SPY;M3R5342;2
M3C_VANTU_SPY;M3R3116;2
M3C_VANTU_POTION_BREWER;M3R3213;2
M3C_VANTU_POTION_BREWER;M3R4341;3
M3C_VANTU_POTION_BREWER;M3R4402;1
M3C_VANTU_POTION_BREWER;M3R4214;1
M3C_VANTU_POTION_BREWER;M3R4306;1
M3C_VANTU_POTION_BREWER;M3R4311;1
M3C_VANTU_POTION_BREWER;M3R4212;1
M3C_VANTU_POTION_BREWER;M3R4115;1
M3C_VANTU_POTION_BREWER;M3R4242;2
M3C_VANTU_POTION_BREWER;M3R4142;2
M3C_VANTU_POTION_BREWER;M3R4209;3
M3C_VANTU_POTION_BREWER;M3R1346;2
M3C_VANTU_POTION_BREWER;M3R1347;2
M3C_VANTU_POTION_BREWER;M3R7301;3
M3C_VANTU_POTION_BREWER;M3R7201;3
M3C_VANTU_POTION_BREWER;M3R2304;1
M3C_VANTU_POTION_BREWER;M3R2306;1
M3C_VANTU_RAZIELA;M3R2308;2
M3C_VANTU_RAZIELA;M3R1101;2
M3C_VANTU_RAZIELA;M3R1105;2
M3C_VANTU_RAZIELA;M3R1120;3
M3C_VANTU_RAZIELA;M3R1202;2
M3C_VANTU_RAZIELA;M3R1104;2
M3C_VANTU_RAZIELA;M3R1141;2
M3C_VANTU_RAZIELA;M3R1246;3
M3C_VANTU_RAZIELA;M3R1211;2
M3C_VANTU_RAZIELA;M3R1306;1
M3C_VANTU_RAZIELA;M3R1341;1
M3C_VANTU_RAZIELA;M3R1346;2
M3C_VANTU_RAZIELA;M3R1302;1
M3C_VANTU_RAZIELA;M3R1204;3
M3C_VANTU_RAZIELA;M3R1343;1
M3C_VANTU_RAZIELA;M3R1307;1
M3C_VANTU_MISTRESS_OF_SECRETS;M3R4143;3
M3C_VANTU_MISTRESS_OF_SECRETS;M3R4141;1
M3C_VANTU_MISTRESS_OF_SECRETS;M3R2215;1
M3C_VANTU_MISTRESS_OF_SECRETS;M3R4142;2
M3C_VANTU_MISTRESS_OF_SECRETS;M3R1346;2
M3C_VANTU_MISTRESS_OF_SECRETS;M3R4242;2
M3C_VANTU_MISTRESS_OF_SECRETS;M3R1347;1
M3C_VANTU_MISTRESS_OF_SECRETS;M3R4209;3
M3C_VANTU_MISTRESS_OF_SECRETS;M3R2246;3
M3C_VANTU_MISTRESS_OF_SECRETS;M3R2146;2
M3C_VANTU_MISTRESS_OF_SECRETS;M3R1201;1
M3C_VANTU_MISTRESS_OF_SECRETS;M3R2201;1
M3C_VANTU_MISTRESS_OF_SECRETS;M3R4241;3
M3C_VANTU_MISTRESS_OF_SECRETS;M3R1403;1
M3C_VANTU_MISTRESS_OF_SECRETS;M3R2304;1
M3C_VANTU_MISTRESS_OF_SECRETS;M3R1401;1
M3C_VANTU_MISTRESS_OF_SECRETS;M3R4401;1
M3C_VANTU_MISTRESS_OF_SECRETS;M3R2401;1
M3C_BONUS_ROOM_VANTU;M3R2117;10
M3C_BONUS_ROOM_VANTU;M3R1210;10
M3C_BONUS_ROOM_VANTU;M3R4107;10
M3C_XAMBR_MINER;M3R6111;3
M3C_XAMBR_MINER;M3R6120;2
M3C_XAMBR_MINER;M3R2141;2
M3C_XAMBR_MINER;M3R2241;2
M3C_XAMBR_MINER;M3R6314;3
M3C_XAMBR_MINER;M3R6224;1
M3C_XAMBR_MINER;M3R6223;1
M3C_XAMBR_MINER;M3R6222;1
M3C_XAMBR_MINER;M3R6221;1
M3C_XAMBR_MINER;M3R6141;3
M3C_XAMBR_MINER;M3R6202;3
M3C_XAMBR_MINER;M3R6110;3
M3C_XAMBR_MINER;M3R6203;3
M3C_XAMBR_MINER;M3R7104;2
M3C_XAMBR_CORE_SAPPER;M3R5120;1
M3C_XAMBR_CORE_SAPPER;M3R5208;3
M3C_XAMBR_CORE_SAPPER;M3R4214;3
M3C_XAMBR_CORE_SAPPER;M3R5342;1
M3C_XAMBR_CORE_SAPPER;M3R5313;1
M3C_XAMBR_CORE_SAPPER;M3R2142;2
M3C_XAMBR_CORE_SAPPER;M3R7203;3
M3C_XAMBR_CORE_SAPPER;M3R2242;1
M3C_XAMBR_CORE_SAPPER;M3R2209;2
M3C_XAMBR_CORE_SAPPER;M3R2342;3
M3C_XAMBR_CORE_SAPPER;M3R7405;3
M3C_XAMBR_CORE_SAPPER;M3R4312;1
M3C_XAMBR_CORE_SAPPER;M3R1203;1
M3C_XAMBR_CORE_SAPPER;M3R6203;1
M3C_XAMBR_CORE_SAPPER;M3R2203;1
M3C_XAMBR_CORE_SAPPER;M3R3203;1
M3C_XAMBR_CORE_SAPPER;M3R7401;1
M3C_XAMBR_CORE_SAPPER;M3R7404;1
M3C_XAMBR_CHARCOAL_BURNER;M3R6202;1
M3C_XAMBR_CHARCOAL_BURNER;M3R3202;1
M3C_XAMBR_CHARCOAL_BURNER;M3R2241;1
M3C_XAMBR_CHARCOAL_BURNER;M3R2202;2
M3C_XAMBR_CHARCOAL_BURNER;M3R3109;1
M3C_XAMBR_CHARCOAL_BURNER;M3R2142;3
M3C_XAMBR_CHARCOAL_BURNER;M3R2212;1
M3C_XAMBR_CHARCOAL_BURNER;M3R2109;1
M3C_XAMBR_CHARCOAL_BURNER;M3R2242;2
M3C_XAMBR_CHARCOAL_BURNER;M3R2113;1
M3C_XAMBR_CHARCOAL_BURNER;M3R2341;2
M3C_XAMBR_CHARCOAL_BURNER;M3R2116;1
M3C_XAMBR_CHARCOAL_BURNER;M3R2307;1
M3C_XAMBR_CHARCOAL_BURNER;M3R2313;1
M3C_XAMBR_CHARCOAL_BURNER;M3R2209;3
M3C_XAMBR_CHARCOAL_BURNER;M3R2201;2
M3C_XAMBR_CHARCOAL_BURNER;M3R2342;1
M3C_XAMBR_CHARCOAL_BURNER;M3R2403;2
M3C_XAMBR_CHARCOAL_BURNER;M3R2304;1
M3C_XAMBR_CHARCOAL_BURNER;M3R5303;1
M3C_XAMBR_CHARCOAL_BURNER;M3R2401;1
M3C_XAMBR_ELECTRA;M3R7201;3
M3C_XAMBR_ELECTRA;M3R2141;3
M3C_XAMBR_ELECTRA;M3R2202;2
M3C_XAMBR_ELECTRA;M3R2104;3
M3C_XAMBR_ELECTRA;M3R7203;2
M3C_XAMBR_ELECTRA;M3R5313;1
M3C_XAMBR_ELECTRA;M3R2209;3
M3C_XAMBR_ELECTRA;M3R2201;1
M3C_XAMBR_ELECTRA;M3R5315;1
M3C_XAMBR_ELECTRA;M3R2402;1
M3C_XAMBR_ELECTRA;M3R2304;1
M3C_XAMBR_ELECTRA;M3R5303;3
M3C_XAMBR_ELECTRA;M3R2401;1
M3C_XAMBR_ELECTRA;M3R7306;1
M3C_XAMBR_ELECTRA;M3R7204;3
M3C_XAMBR_ELECTRA;M3R7403;1
M3C_XAMBR_CORE;M3R2308;3
M3C_XAMBR_CORE;M3R3110;1
M3C_XAMBR_CORE;M3R7201;3
M3C_XAMBR_CORE;M3R2101;1
M3C_XAMBR_CORE;M3R5101;2
M3C_XAMBR_CORE;M3R3117;3
M3C_XAMBR_CORE;M3R2141;3
M3C_XAMBR_CORE;M3R5208;1
M3C_XAMBR_CORE;M3R5342;3
M3C_XAMBR_CORE;M3R3213;3
M3C_XAMBR_CORE;M3R5115;3
M3C_XAMBR_CORE;M3R2342;2
M3C_XAMBR_CORE;M3R5315;2
M3C_BONUS_ROOM_XAMBR;M3R2242;10
M3C_BONUS_ROOM_XAMBR;M3R6204;10
M3C_BONUS_ROOM_XAMBR;M3R3308;10
M3C_RATHOS_FIRSTBORN;M3R3120;1
M3C_RATHOS_FIRSTBORN;M3R3203;1
M3C_RATHOS_FIRSTBORN;M3R3311;1
M3C_RATHOS_FIRSTBORN;M3R3403;1
M3C_RATHOS_FIRSTBORN;M3R3301;3
M3C_RATHOS_FIRSTBORN;M3R3342;3
M3C_RATHOS_FIRSTBORN;M3R3209;3
M3C_RATHOS_FIRSTBORN;M3R5120;1
M3C_RATHOS_FIRSTBORN;M3R5203;1
M3C_RATHOS_FIRSTBORN;M3R5341;3
M3C_RATHOS_FIRSTBORN;M3R5212;1
M3C_RATHOS_FIRSTBORN;M3R5146;3
M3C_RATHOS_FIRSTBORN;M3R6120;1
M3C_RATHOS_FIRSTBORN;M3R6203;1
M3C_RATHOS_FIRSTBORN;M3R6403;1
M3C_RATHOS_FIRSTBORN;M3R6308;1
M3C_RATHOS_FIRSTBORN;M3R6212;2
M3C_RATHOS_FIRSTBORN;M3R6104;1
M3C_RATHOS_FIRSTBORN;M3R7405;1
M3C_RATHOS_SHULA;M3R4205;3
M3C_RATHOS_SHULA;M3R3202;3
M3C_RATHOS_SHULA;M3R3141;2
M3C_RATHOS_SHULA;M3R4303;3
M3C_RATHOS_SHULA;M3R3246;2
M3C_RATHOS_SHULA;M3R3315;1
M3C_RATHOS_SHULA;M3R4201;3
M3C_RATHOS_SHULA;M3R3209;3
M3C_RATHOS_SHULA;M3R3201;3
M3C_RATHOS_SHULA;M3R6203;1
M3C_RATHOS_SHULA;M3R5203;1
M3C_RATHOS_SHULA;M3R3203;1
M3C_RATHOS_SHULA;M3R3342;1
M3C_RATHOS_SHULA;M3R3341;2
M3C_RATHOS_SHULA;M3R7302;1
M3C_RATHOS_SPURRER;M3R3223;3
M3C_RATHOS_SPURRER;M3R5211;3
M3C_RATHOS_SPURRER;M3R5147;1
M3C_RATHOS_SPURRER;M3R3214;2
M3C_RATHOS_SPURRER;M3R5212;3
M3C_RATHOS_SPURRER;M3R5341;3
M3C_RATHOS_SPURRER;M3R5302;1
M3C_RATHOS_SPURRER;M3R3347;1
M3C_RATHOS_SPURRER;M3R3302;1
M3C_RATHOS_SPURRER;M3R3304;3
M3C_RATHOS_SPURRER;M3R5306;2
M3C_RATHOS_SPURRER;M3R3342;1
M3C_RATHOS_SPURRER;M3R5402;2
M3C_RATHOS_SPURRER;M3R5403;1
M3C_RATHOS_SPURRER;M3R5303;2
M3C_RATHOS_SPURRER;M3R3401;1
M3C_RATHOS_ASHESSA_VALKYRE;M3R7101;3
M3C_RATHOS_ASHESSA_VALKYRE;M3R6120;1
M3C_RATHOS_ASHESSA_VALKYRE;M3R5120;1
M3C_RATHOS_ASHESSA_VALKYRE;M3R4120;1
M3C_RATHOS_ASHESSA_VALKYRE;M3R3120;1
M3C_RATHOS_ASHESSA_VALKYRE;M3R2120;1
M3C_RATHOS_ASHESSA_VALKYRE;M3R1120;1
M3C_RATHOS_ASHESSA_VALKYRE;M3R3141;3
M3C_RATHOS_ASHESSA_VALKYRE;M3R6146;3
M3C_RATHOS_ASHESSA_VALKYRE;M3R3209;3
M3C_RATHOS_ASHESSA_VALKYRE;M3R6203;2
M3C_RATHOS_ASHESSA_VALKYRE;M3R5203;2
M3C_RATHOS_ASHESSA_VALKYRE;M3R4203;2
M3C_RATHOS_ASHESSA_VALKYRE;M3R3203;2
M3C_RATHOS_ASHESSA_VALKYRE;M3R1203;2
M3C_RATHOS_ASHESSA_VALKYRE;M3R2303;2
M3C_RATHOS_CADMAEL;M3R5120;3
M3C_RATHOS_CADMAEL;M3R3120;3
M3C_RATHOS_CADMAEL;M3R6120;3
M3C_RATHOS_CADMAEL;M3R3141;1
M3C_RATHOS_CADMAEL;M3R6147;3
M3C_RATHOS_CADMAEL;M3R3301;3
M3C_RATHOS_CADMAEL;M3R5341;3
M3C_RATHOS_CADMAEL;M3R6211;3
M3C_RATHOS_CADMAEL;M3R3304;2
M3C_RATHOS_CADMAEL;M3R3209;3
M3C_RATHOS_CADMAEL;M3R3342;3
M3C_BONUS_ROOM_RATHOS;M3R6120;2
M3C_BONUS_ROOM_RATHOS;M3R5120;2
M3C_BONUS_ROOM_RATHOS;M3R4120;2
M3C_BONUS_ROOM_RATHOS;M3R3120;2
M3C_BONUS_ROOM_RATHOS;M3R2120;2
M3C_BONUS_ROOM_RATHOS;M3R1120;2
M3C_BONUS_ROOM_RATHOS;M3R6304;1
M3C_BONUS_ROOM_RATHOS;M3R6106;2
M3C_BONUS_ROOM_RATHOS;M3R6203;2
M3C_BONUS_ROOM_RATHOS;M3R5203;2
M3C_BONUS_ROOM_RATHOS;M3R4203;2
M3C_BONUS_ROOM_RATHOS;M3R3203;2
M3C_BONUS_ROOM_RATHOS;M3R2203;2
M3C_BONUS_ROOM_RATHOS;M3R1203;2
M3C_BONUS_ROOM_RATHOS;M3R6307;2
M3C_BONUS_ROOM_RATHOS;M3R2303;1
M3C_LETHE_WATERMASTER;M3R4221;2
M3C_LETHE_WATERMASTER;M3R4202;2
M3C_LETHE_WATERMASTER;M3R4203;2
M3C_LETHE_WATERMASTER;M3R4304;3
M3C_LETHE_WATERMASTER;M3R1222;2
M3C_LETHE_WATERMASTER;M3R1119;1
M3C_LETHE_WATERMASTER;M3R1202;1
M3C_LETHE_WATERMASTER;M3R1201;2
M3C_LETHE_WATERMASTER;M3R1120;2
M3C_LETHE_WATERMASTER;M3R1203;2
M3C_LETHE_WATERMASTER;M3R1209;3
M3C_LETHE_WATERMASTER;M3R1213;3
M3C_LETHE_WATERMASTER;M3R3347;2
M3C_LETHE_WATERMASTER;M3R7307;3
M3C_LETHE_AOLA;M3R1202;3
M3C_LETHE_AOLA;M3R1203;1
M3C_LETHE_AOLA;M3R1101;1
M3C_LETHE_AOLA;M3R1306;1
M3C_LETHE_AOLA;M3R1213;3
M3C_LETHE_AOLA;M3R1209;3
M3C_LETHE_AOLA;M3R1309;1
M3C_LETHE_AOLA;M3R1223;2
M3C_LETHE_AOLA;M3R1221;2
M3C_LETHE_AOLA;M3R1341;2
M3C_LETHE_AOLA;M3R1342;2
M3C_LETHE_AOLA;M3R1343;3
M3C_LETHE_AOLA;M3R5147;3
M3C_LETHE_AOLA;M3R1141;3
M3C_LETHE_LIGHTNING_CHANNELER;M3R7201;1
M3C_LETHE_LIGHTNING_CHANNELER;M3R4117;3
M3C_LETHE_LIGHTNING_CHANNELER;M3R4214;2
M3C_LETHE_LIGHTNING_CHANNELER;M3R5313;2
M3C_LETHE_LIGHTNING_CHANNELER;M3R2342;2
M3C_LETHE_LIGHTNING_CHANNELER;M3R5315;1
M3C_LETHE_LIGHTNING_CHANNELER;M3R3309;3
M3C_LETHE_LIGHTNING_CHANNELER;M3R3402;1
M3C_LETHE_LIGHTNING_CHANNELER;M3R5402;1
M3C_LETHE_LIGHTNING_CHANNELER;M3R3342;1
M3C_LETHE_LIGHTNING_CHANNELER;M3R1307;1
M3C_LETHE_LIGHTNING_CHANNELER;M3R4402;1
M3C_LETHE_LIGHTNING_CHANNELER;M3R5403;1
M3C_LETHE_LIGHTNING_CHANNELER;M3R3403;1
M3C_LETHE_LIGHTNING_CHANNELER;M3R3341;1
M3C_LETHE_LIGHTNING_CHANNELER;M3R1403;1
M3C_LETHE_LIGHTNING_CHANNELER;M3R2304;1
M3C_LETHE_LIGHTNING_CHANNELER;M3R6308;1
M3C_LETHE_LIGHTNING_CHANNELER;M3R6401;1
M3C_LETHE_LIGHTNING_CHANNELER;M3R2401;1
M3C_LETHE_LIGHTNING_CHANNELER;M3R5401;1
M3C_LETHE_LIGHTNING_CHANNELER;M3R3401;1
M3C_LETHE_LIGHTNING_CHANNELER;M3R1401;1
M3C_LETHE_VANOS_CONDEMNED;M3R2202;2
M3C_LETHE_VANOS_CONDEMNED;M3R2401;1
M3C_LETHE_VANOS_CONDEMNED;M3R2307;2
M3C_LETHE_VANOS_CONDEMNED;M3R2212;2
M3C_LETHE_VANOS_CONDEMNED;M3R2214;2
M3C_LETHE_VANOS_CONDEMNED;M3R2301;2
M3C_LETHE_VANOS_CONDEMNED;M3R2118;1
M3C_LETHE_VANOS_CONDEMNED;M3R2112;1
M3C_LETHE_VANOS_CONDEMNED;M3R2115;2
M3C_LETHE_VANOS_CONDEMNED;M3R2304;2
M3C_LETHE_VANOS_CONDEMNED;M3R1101;1
M3C_LETHE_VANOS_CONDEMNED;M3R1202;2
M3C_LETHE_VANOS_CONDEMNED;M3R1307;1
M3C_LETHE_VANOS_CONDEMNED;M3R1312;1
M3C_LETHE_VANOS_CONDEMNED;M3R1401;1
M3C_LETHE_VANOS_CONDEMNED;M3R1347;2
M3C_LETHE_VANOS_CONDEMNED;M3R7107;2
M3C_LETHE_VANOS_CONDEMNED;M3R7306;3
M3C_LETHE_ASMYR_VENOMASTER;M3R1246;1
M3C_LETHE_ASMYR_VENOMASTER;M3R1308;1
M3C_LETHE_ASMYR_VENOMASTER;M3R1221;1
M3C_LETHE_ASMYR_VENOMASTER;M3R1223;1
M3C_LETHE_ASMYR_VENOMASTER;M3R1306;1
M3C_LETHE_ASMYR_VENOMASTER;M3R1204;1
M3C_LETHE_ASMYR_VENOMASTER;M3R1347;1
M3C_LETHE_ASMYR_VENOMASTER;M3R1313;1
M3C_LETHE_ASMYR_VENOMASTER;M3R1342;2
M3C_LETHE_ASMYR_VENOMASTER;M3R1341;2
M3C_LETHE_ASMYR_VENOMASTER;M3R1141;3
M3C_LETHE_ASMYR_VENOMASTER;M3R1209;3
M3C_LETHE_ASMYR_VENOMASTER;M3R3347;3
M3C_LETHE_ASMYR_VENOMASTER;M3R5211;2
M3C_LETHE_ASMYR_VENOMASTER;M3R5402;1
M3C_LETHE_ASMYR_VENOMASTER;M3R5103;2
M3C_LETHE_ASMYR_VENOMASTER;M3R5213;2
M3C_LETHE_ASMYR_VENOMASTER;M3R5147;2
M3C_BONUS_ROOM_LETHE;M3R3204;30
M3C_FARDAL_STORMGUIDE;M3R5342;3
M3C_FARDAL_STORMGUIDE;M3R5341;3
M3C_FARDAL_STORMGUIDE;M3R5241;3
M3C_FARDAL_STORMGUIDE;M3R4203;2
M3C_FARDAL_STORMGUIDE;M3R4402;1
M3C_FARDAL_STORMGUIDE;M3R4403;1
M3C_FARDAL_STORMGUIDE;M3R4302;2
M3C_FARDAL_STORMGUIDE;M3R4241;1
M3C_FARDAL_STORMGUIDE;M3R4242;1
M3C_FARDAL_STORMGUIDE;M3R4304;1
M3C_FARDAL_STORMGUIDE;M3R4116;3
M3C_FARDAL_STORMGUIDE;M3R4104;3
M3C_FARDAL_STORMGUIDE;M3R2313;1
M3C_FARDAL_STORMGUIDE;M3R2347;1
M3C_FARDAL_STORMGUIDE;M3R2346;1
M3C_FARDAL_STORMGUIDE;M3R2302;1
M3C_FARDAL_STORMGUIDE;M3R2246;1
M3C_FARDAL_STORMGUIDE;M3R2242;1
M3C_FARDAL_TOLLKEEPER;M3R4108;2
M3C_FARDAL_TOLLKEEPER;M3R4306;2
M3C_FARDAL_TOLLKEEPER;M3R4401;2
M3C_FARDAL_TOLLKEEPER;M3R4301;3
M3C_FARDAL_TOLLKEEPER;M3R4109;3
M3C_FARDAL_TOLLKEEPER;M3R4203;2
M3C_FARDAL_TOLLKEEPER;M3R4202;3
M3C_FARDAL_TOLLKEEPER;M3R4347;3
M3C_FARDAL_TOLLKEEPER;M3R4312;2
M3C_FARDAL_TOLLKEEPER;M3R5303;2
M3C_FARDAL_TOLLKEEPER;M3R5209;2
M3C_FARDAL_TOLLKEEPER;M3R5107;1
M3C_FARDAL_TOLLKEEPER;M3R5108;1
M3C_FARDAL_TOLLKEEPER;M3R5313;2
M3C_FARDAL_HARBORMASTER;M3R7101;2
M3C_FARDAL_HARBORMASTER;M3R7201;3
M3C_FARDAL_HARBORMASTER;M3R4110;3
M3C_FARDAL_HARBORMASTER;M3R4102;2
M3C_FARDAL_HARBORMASTER;M3R4120;2
M3C_FARDAL_HARBORMASTER;M3R5120;1
M3C_FARDAL_HARBORMASTER;M3R4202;2
M3C_FARDAL_HARBORMASTER;M3R5202;1
M3C_FARDAL_HARBORMASTER;M3R4207;1
M3C_FARDAL_HARBORMASTER;M3R5342;2
M3C_FARDAL_HARBORMASTER;M3R5341;2
M3C_FARDAL_HARBORMASTER;M3R5115;3
M3C_FARDAL_HARBORMASTER;M3R4302;1
M3C_FARDAL_HARBORMASTER;M3R4201;1
M3C_FARDAL_HARBORMASTER;M3R5209;2
M3C_FARDAL_HARBORMASTER;M3R5315;2
M3C_FARDAL_RADUMIR;M3R2117;3
M3C_FARDAL_RADUMIR;M3R5241;2
M3C_FARDAL_RADUMIR;M3R2114;3
M3C_FARDAL_RADUMIR;M3R2204;3
M3C_FARDAL_RADUMIR;M3R5141;2
M3C_FARDAL_RADUMIR;M3R2215;3
M3C_FARDAL_RADUMIR;M3R5204;3
M3C_FARDAL_RADUMIR;M3R7405;1
M3C_FARDAL_RADUMIR;M3R5315;1
M3C_FARDAL_RADUMIR;M3R2346;3
M3C_FARDAL_RADUMIR;M3R2315;3
M3C_FARDAL_RADUMIR;M3R5401;1
M3C_FARDAL_RADUMIR;M3R4401;1
M3C_FARDAL_RADUMIR;M3R2401;1
M3C_FARDAL_DRAGUTIN;M3R5208;3
M3C_FARDAL_DRAGUTIN;M3R5146;2
M3C_FARDAL_DRAGUTIN;M3R5207;3
M3C_FARDAL_DRAGUTIN;M3R5204;3
M3C_FARDAL_DRAGUTIN;M3R2104;1
M3C_FARDAL_DRAGUTIN;M3R7405;1
M3C_FARDAL_DRAGUTIN;M3R2347;3
M3C_FARDAL_DRAGUTIN;M3R2246;3
M3C_FARDAL_DRAGUTIN;M3R2315;2
M3C_FARDAL_DRAGUTIN;M3R2108;3
M3C_FARDAL_DRAGUTIN;M3R4402;1
M3C_FARDAL_DRAGUTIN;M3R2303;1
M3C_FARDAL_DRAGUTIN;M3R2304;1
M3C_FARDAL_DRAGUTIN;M3R4401;1
M3C_FARDAL_DRAGUTIN;M3R5401;1
M3C_FARDAL_DRAGUTIN;M3R2401;1
M3C_BONUS_ROOM_FARDAL;M3C296;5
M3C_BONUS_ROOM_FARDAL;M3C295;5
M3C_BONUS_ROOM_FARDAL;M3C294;5
M3C_BONUS_ROOM_FARDAL;M3C293;5
M3C_BONUS_ROOM_FARDAL;M3C292;5
M3C_BONUS_ROOM_FARDAL;M3C291;5
M3C_LYRDHIN_MASTER_OF_SIX_ARTS;M3R1101;3
M3C_LYRDHIN_MASTER_OF_SIX_ARTS;M3R2142;2
M3C_LYRDHIN_MASTER_OF_SIX_ARTS;M3R2101;3
M3C_LYRDHIN_MASTER_OF_SIX_ARTS;M3R3215;2
M3C_LYRDHIN_MASTER_OF_SIX_ARTS;M3R3101;3
M3C_LYRDHIN_MASTER_OF_SIX_ARTS;M3R4146;2
M3C_LYRDHIN_MASTER_OF_SIX_ARTS;M3R4101;3
M3C_LYRDHIN_MASTER_OF_SIX_ARTS;M3R5311;2
M3C_LYRDHIN_MASTER_OF_SIX_ARTS;M3R5101;3
M3C_LYRDHIN_MASTER_OF_SIX_ARTS;M3R6314;2
M3C_LYRDHIN_MASTER_OF_SIX_ARTS;M3R6101;3
M3C_LYRDHIN_MASTER_OF_SIX_ARTS;M3R6204;2
M3C_LYRDHIN_MANY_MASKED_MIME;M3R1101;1
M3C_LYRDHIN_MANY_MASKED_MIME;M3R1213;3
M3C_LYRDHIN_MANY_MASKED_MIME;M3R1203;1
M3C_LYRDHIN_MANY_MASKED_MIME;M3R1120;1
M3C_LYRDHIN_MANY_MASKED_MIME;M3R2101;1
M3C_LYRDHIN_MANY_MASKED_MIME;M3R2223;1
M3C_LYRDHIN_MANY_MASKED_MIME;M3R2221;1
M3C_LYRDHIN_MANY_MASKED_MIME;M3R2203;1
M3C_LYRDHIN_MANY_MASKED_MIME;M3R2120;1
M3C_LYRDHIN_MANY_MASKED_MIME;M3R3101;1
M3C_LYRDHIN_MANY_MASKED_MIME;M3R3222;1
M3C_LYRDHIN_MANY_MASKED_MIME;M3R3221;1
M3C_LYRDHIN_MANY_MASKED_MIME;M3R3203;1
M3C_LYRDHIN_MANY_MASKED_MIME;M3R3120;1
M3C_LYRDHIN_MANY_MASKED_MIME;M3R4101;1
M3C_LYRDHIN_MANY_MASKED_MIME;M3R4224;1
M3C_LYRDHIN_MANY_MASKED_MIME;M3R4221;1
M3C_LYRDHIN_MANY_MASKED_MIME;M3R4203;1
M3C_LYRDHIN_MANY_MASKED_MIME;M3R4120;1
M3C_LYRDHIN_MANY_MASKED_MIME;M3R5101;1
M3C_LYRDHIN_MANY_MASKED_MIME;M3R5212;1
M3C_LYRDHIN_MANY_MASKED_MIME;M3R5203;1
M3C_LYRDHIN_MANY_MASKED_MIME;M3R5120;1
M3C_LYRDHIN_MANY_MASKED_MIME;M3R6101;1
M3C_LYRDHIN_MANY_MASKED_MIME;M3R6224;1
M3C_LYRDHIN_MANY_MASKED_MIME;M3R6223;1
M3C_LYRDHIN_MANY_MASKED_MIME;M3R6203;1
M3C_LYRDHIN_MANY_MASKED_MIME;M3R6120;1
M3C_LYRDHIN_VIVIA;M3R5308;1
M3C_LYRDHIN_VIVIA;M3R6314;1
M3C_LYRDHIN_VIVIA;M3R6247;1
M3C_LYRDHIN_VIVIA;M3R5311;2
M3C_LYRDHIN_VIVIA;M3R3141;1
M3C_LYRDHIN_VIVIA;M3R2311;1
M3C_LYRDHIN_VIVIA;M3R5211;3
M3C_LYRDHIN_VIVIA;M3R2115;3
M3C_LYRDHIN_VIVIA;M3R5347;1
M3C_LYRDHIN_VIVIA;M3R2212;1
M3C_LYRDHIN_VIVIA;M3R3314;1
M3C_LYRDHIN_VIVIA;M3R2313;1
M3C_LYRDHIN_VIVIA;M3R1312;1
M3C_LYRDHIN_VIVIA;M3R7405;2
M3C_LYRDHIN_VIVIA;M3R3241;1
M3C_LYRDHIN_VIVIA;M3R7209;3
M3C_LYRDHIN_VIVIA;M3R7107;2
M3C_LYRDHIN_VIVIA;M3R3402;1
M3C_LYRDHIN_VIVIA;M3R7207;1
M3C_LYRDHIN_VIVIA;M3R7302;1
M3C_LYRDHIN_VIVIA;M3R7303;1
M3C_LYRDHIN_OLD_HOPE;M3R7201;2
M3C_LYRDHIN_OLD_HOPE;M3R7306;2
M3C_LYRDHIN_OLD_HOPE;M3R7305;2
M3C_LYRDHIN_OLD_HOPE;M3R7304;2
M3C_LYRDHIN_OLD_HOPE;M3R7303;2
M3C_LYRDHIN_OLD_HOPE;M3R7302;2
M3C_LYRDHIN_OLD_HOPE;M3R7209;2
M3C_LYRDHIN_OLD_HOPE;M3R7207;2
M3C_LYRDHIN_OLD_HOPE;M3R7205;2
M3C_LYRDHIN_OLD_HOPE;M3R7204;2
M3C_LYRDHIN_OLD_HOPE;M3R7105;2
M3C_LYRDHIN_OLD_HOPE;M3R7104;2
M3C_LYRDHIN_OLD_HOPE;M3R1203;1
M3C_LYRDHIN_OLD_HOPE;M3R2303;1
M3C_LYRDHIN_OLD_HOPE;M3R3203;1
M3C_LYRDHIN_OLD_HOPE;M3R4203;1
M3C_LYRDHIN_OLD_HOPE;M3R5203;1
M3C_LYRDHIN_OLD_HOPE;M3R6203;1
M3C_LYRDHIN_SKYLHA;M3R1246;1
M3C_LYRDHIN_SKYLHA;M3R1112;1
M3C_LYRDHIN_SKYLHA;M3R2114;1
M3C_LYRDHIN_SKYLHA;M3R2311;1
M3C_LYRDHIN_SKYLHA;M3R2211;1
M3C_LYRDHIN_SKYLHA;M3R3106;1
M3C_LYRDHIN_SKYLHA;M3R3311;1
M3C_LYRDHIN_SKYLHA;M3R3113;1
M3C_LYRDHIN_SKYLHA;M3R3141;1
M3C_LYRDHIN_SKYLHA;M3R4214;1
M3C_LYRDHIN_SKYLHA;M3R4213;1
M3C_LYRDHIN_SKYLHA;M3R4207;1
M3C_LYRDHIN_SKYLHA;M3R5305;1
M3C_LYRDHIN_SKYLHA;M3R5211;1
M3C_LYRDHIN_SKYLHA;M3R5146;1
M3C_LYRDHIN_SKYLHA;M3R7209;3
M3C_LYRDHIN_SKYLHA;M3R7302;3
M3C_LYRDHIN_SKYLHA;M3R7104;3
M3C_LYRDHIN_SKYLHA;M3R7206;3
M3C_LYRDHIN_SKYLHA;M3R7207;3
M3C_BONUS_ROOM_LYRDHIN;M3R7108;1
M3C_BONUS_ROOM_LYRDHIN;M3R7209;2
M3C_BONUS_ROOM_LYRDHIN;M3R7109;3
M3C_BONUS_ROOM_LYRDHIN;M3R1209;2
M3C_BONUS_ROOM_LYRDHIN;M3R1203;1
M3C_BONUS_ROOM_LYRDHIN;M3R1120;1
M3C_BONUS_ROOM_LYRDHIN;M3R2209;2
M3C_BONUS_ROOM_LYRDHIN;M3R2203;1
M3C_BONUS_ROOM_LYRDHIN;M3R2120;1
M3C_BONUS_ROOM_LYRDHIN;M3R3209;2
M3C_BONUS_ROOM_LYRDHIN;M3R3203;1
M3C_BONUS_ROOM_LYRDHIN;M3R3120;1
M3C_BONUS_ROOM_LYRDHIN;M3R4209;2
M3C_BONUS_ROOM_LYRDHIN;M3R4203;1
M3C_BONUS_ROOM_LYRDHIN;M3R4120;1
M3C_BONUS_ROOM_LYRDHIN;M3R5209;2
M3C_BONUS_ROOM_LYRDHIN;M3R5203;1
M3C_BONUS_ROOM_LYRDHIN;M3R5120;1
M3C_BONUS_ROOM_LYRDHIN;M3R6209;2
M3C_BONUS_ROOM_LYRDHIN;M3R6203;1
M3C_BONUS_ROOM_LYRDHIN;M3R6120;1
M3C_FINAL_BLUBELLIE;M3R7401;30
M3C_FINAL_DRAGON_PERUN;M3R3208;1
M3C_FINAL_DRAGON_PERUN;M3R3309;2
M3C_FINAL_DRAGON_PERUN;M3R3308;2
M3C_FINAL_DRAGON_PERUN;M3R3223;3
M3C_FINAL_DRAGON_PERUN;M3R3304;3
M3C_FINAL_DRAGON_PERUN;M3R3302;3
M3C_FINAL_DRAGON_PERUN;M3R3401;1
M3C_FINAL_DRAGON_PERUN;M3R5223;3
M3C_FINAL_DRAGON_PERUN;M3R5205;3
M3C_FINAL_DRAGON_PERUN;M3R5302;3
M3C_FINAL_DRAGON_PERUN;M3R5306;3
M3C_FINAL_DRAGON_PERUN;M3R5107;2
M3C_FINAL_DRAGON_PERUN;M3R5401;1
M3C_FINAL_DRAGON_VULDER;M3R4102;1
M3C_FINAL_DRAGON_VULDER;M3R4105;1
M3C_FINAL_DRAGON_VULDER;M3R2105;1
M3C_FINAL_DRAGON_VULDER;M3R2305;2
M3C_FINAL_DRAGON_VULDER;M3R4222;2
M3C_FINAL_DRAGON_VULDER;M3R2222;2
M3C_FINAL_DRAGON_VULDER;M3R4208;3
M3C_FINAL_DRAGON_VULDER;M3R2116;2
M3C_FINAL_DRAGON_VULDER;M3R2307;2
M3C_FINAL_DRAGON_VULDER;M3R4210;1
M3C_FINAL_DRAGON_VULDER;M3R4302;2
M3C_FINAL_DRAGON_VULDER;M3R2302;2
M3C_FINAL_DRAGON_VULDER;M3R2108;1
M3C_FINAL_DRAGON_VULDER;M3R4304;2
M3C_FINAL_DRAGON_VULDER;M3R2304;2
M3C_FINAL_DRAGON_VULDER;M3R4306;2
M3C_FINAL_DRAGON_VULDER;M3R4401;1
M3C_FINAL_DRAGON_VULDER;M3R2401;1
M3C_FINAL_DRAGON_AKAR;M3R6102;1
M3C_FINAL_DRAGON_AKAR;M3R6221;3
M3C_FINAL_DRAGON_AKAR;M3R1104;3
M3C_FINAL_DRAGON_AKAR;M3R1224;3
M3C_FINAL_DRAGON_AKAR;M3R1118;3
M3C_FINAL_DRAGON_AKAR;M3R6118;3
M3C_FINAL_DRAGON_AKAR;M3R6309;3
M3C_FINAL_DRAGON_AKAR;M3R6302;2
M3C_FINAL_DRAGON_AKAR;M3R1302;2
M3C_FINAL_DRAGON_AKAR;M3R1307;2
M3C_FINAL_DRAGON_AKAR;M3R6310;1
M3C_FINAL_DRAGON_AKAR;M3R6308;2
M3C_FINAL_DRAGON_AKAR;M3R6401;1
M3C_FINAL_DRAGON_AKAR;M3R1401;1
M3C_FINAL_GOD_TITANIA;M3R7201;2
M3C_FINAL_GOD_TITANIA;M3R7405;3
M3C_FINAL_GOD_KARA;M3R1316;1
M3C_FINAL_GOD_KARA;M3R1203;2
M3C_FINAL_GOD_KARA;M3R1120;2
M3C_FINAL_GOD_KARA;M3R1401;2
M3C_FINAL_GOD_KARA;M3R1342;3
M3C_FINAL_GOD_KARA;M3R1303;1
M3C_FINAL_GOD_KARA;M3R1311;1
M3C_FINAL_GOD_KARA;M3R1312;1
M3C_FINAL_GOD_KARA;M3R1302;3
M3C_FINAL_GOD_KARA;M3R1115;2
M3C_FINAL_GOD_KARA;M3R1213;3
M3C_FINAL_GOD_KARA;M3R1204;3
M3C_FINAL_GOD_KARA;M3R1347;2
M3C_FINAL_GOD_KARA;M3R1343;2
M3C_FINAL_GOD_KARA;M3R7405;1
M3C_FINAL_GOD_KARA;M3R7402;1
M3C_FINAL_GOD_GOLA;M3R2309;1
M3C_FINAL_GOD_GOLA;M3R7201;3
M3C_FINAL_GOD_GOLA;M3R7101;1
M3C_FINAL_GOD_GOLA;M3R1105;1
M3C_FINAL_GOD_GOLA;M3R3105;1
M3C_FINAL_GOD_GOLA;M3R5105;1
M3C_FINAL_GOD_GOLA;M3R7203;2
M3C_FINAL_GOD_GOLA;M3R5108;2
M3C_FINAL_GOD_GOLA;M3R2119;1
M3C_FINAL_GOD_GOLA;M3R1201;1
M3C_FINAL_GOD_GOLA;M3R3201;1
M3C_FINAL_GOD_GOLA;M3R5201;1
M3C_FINAL_GOD_GOLA;M3R1203;2
M3C_FINAL_GOD_GOLA;M3R2203;2
M3C_FINAL_GOD_GOLA;M3R3308;2
M3C_FINAL_GOD_GOLA;M3R3203;2
M3C_FINAL_GOD_GOLA;M3R4203;2
M3C_FINAL_GOD_GOLA;M3R5203;2
M3C_FINAL_GOD_GOLA;M3R6203;2
M3C_FINAL_GOD_MACHAON;M3R6304;3
M3C_FINAL_GOD_MACHAON;M3R6146;3
M3C_FINAL_GOD_MACHAON;M3R6118;3
M3C_FINAL_GOD_MACHAON;M3R6211;3
M3C_FINAL_GOD_MACHAON;M3R6106;2
M3C_FINAL_GOD_MACHAON;M3R6306;3
M3C_FINAL_GOD_MACHAON;M3R6305;3
M3C_FINAL_GOD_MACHAON;M3R6307;3
M3C_FINAL_GOD_MACHAON;M3R6402;3
M3C_FINAL_GOD_MACHAON;M3R6308;3
M3C_FINAL_GOD_MACHAON;M3R6401;1
M3C_FINAL_GOD_ATHARIEL;M3R5308;1
M3C_FINAL_GOD_ATHARIEL;M3R4105;3
M3C_FINAL_GOD_ATHARIEL;M3R4202;2
M3C_FINAL_GOD_ATHARIEL;M3R4317;3
M3C_FINAL_GOD_ATHARIEL;M3R4215;3
M3C_FINAL_GOD_ATHARIEL;M3R4346;2
M3C_FINAL_GOD_ATHARIEL;M3R3346;2
M3C_FINAL_GOD_ATHARIEL;M3R4201;3
M3C_FINAL_GOD_ATHARIEL;M3R3201;3
M3C_FINAL_GOD_ATHARIEL;M3R7405;3
M3C_FINAL_GOD_ATHARIEL;M3R3402;3
M3C_FINAL_GOD_ATHARIEL;M3R4401;1
M3C_FINAL_GOD_ATHARIEL;M3R7303;1
M3C_FINAL_GOD_ITHYMIA;M3R3303;1
M3C_FINAL_GOD_ITHYMIA;M3R3110;3
M3C_FINAL_GOD_ITHYMIA;M3R5308;1
M3C_FINAL_GOD_ITHYMIA;M3R3108;6
M3C_FINAL_GOD_ITHYMIA;M3R3117;1
M3C_FINAL_GOD_ITHYMIA;M3R3208;3
M3C_FINAL_GOD_ITHYMIA;M3R3213;2
M3C_FINAL_GOD_ITHYMIA;M3R4317;1
M3C_FINAL_GOD_ITHYMIA;M3R3215;2
M3C_FINAL_GOD_ITHYMIA;M3R3309;3
M3C_FINAL_GOD_ITHYMIA;M3R3308;3
M3C_FINAL_GOD_ITHYMIA;M3R3403;3
M3C_FINAL_GOD_ITHYMIA;M3R4402;1
M3C_FINAL_GOD_TORMENTOR;M3R2115;3
M3C_FINAL_GOD_TORMENTOR;M3R2303;2
M3C_FINAL_GOD_TORMENTOR;M3R2309;3
M3C_FINAL_GOD_TORMENTOR;M3R2308;3
M3C_FINAL_GOD_TORMENTOR;M3R3110;3
M3C_FINAL_GOD_TORMENTOR;M3R5306;2
M3C_FINAL_GOD_TORMENTOR;M3R5346;1
M3C_FINAL_GOD_TORMENTOR;M3R5401;1
M3C_FINAL_GOD_TORMENTOR;M3R5341;3
M3C_FINAL_GOD_TORMENTOR;M3R5103;3
M3C_FINAL_GOD_TORMENTOR;M3R5205;3
M3C_FINAL_GOD_TORMENTOR;M3R6207;3
M3C_FINAL_GOD_ATERIOTH;M3R3110;1
M3C_FINAL_GOD_ATERIOTH;M3R2308;1
M3C_FINAL_GOD_ATERIOTH;M3R3105;1
M3C_FINAL_GOD_ATERIOTH;M3R2105;1
M3C_FINAL_GOD_ATERIOTH;M3R3108;1
M3C_FINAL_GOD_ATERIOTH;M3R3208;1
M3C_FINAL_GOD_ATERIOTH;M3R6204;1
M3C_FINAL_GOD_ATERIOTH;M3R2213;1
M3C_FINAL_GOD_ATERIOTH;M3R7203;1
M3C_FINAL_GOD_ATERIOTH;M3R3315;1
M3C_FINAL_GOD_ATERIOTH;M3R6108;1
M3C_FINAL_GOD_ATERIOTH;M3R3301;1
M3C_FINAL_GOD_ATERIOTH;M3R2119;1
M3C_FINAL_GOD_ATERIOTH;M3R6309;1
M3C_FINAL_GOD_ATERIOTH;M3R3116;1
M3C_FINAL_GOD_ATERIOTH;M3R3304;1
M3C_FINAL_GOD_ATERIOTH;M3R3309;1
M3C_FINAL_GOD_ATERIOTH;M3R3347;1
M3C_FINAL_GOD_ATERIOTH;M3R2346;1
M3C_FINAL_GOD_ATERIOTH;M3R2347;1
M3C_FINAL_GOD_ATERIOTH;M3R2246;1
M3C_FINAL_GOD_ATERIOTH;M3R3308;1
M3C_FINAL_GOD_ATERIOTH;M3R2108;1
M3C_FINAL_GOD_ATERIOTH;M3R6403;1
M3C_FINAL_GOD_ATERIOTH;M3R3342;1
M3C_FINAL_GOD_ATERIOTH;M3R6310;1
M3C_FINAL_GOD_ATERIOTH;M3R3403;1
M3C_FINAL_GOD_ATERIOTH;M3R6308;1
M3C_FINAL_GOD_ATERIOTH;M3R3401;1
M3C_FINAL_GOD_ATERIOTH;M3R2310;1
