ID;Condition;ExpFirst;GoldFirst;CardReward1;CardReward2;ExpRepeat;GoldRepeat;DecklistID;HeroID
#Generated 05.03.2023 16:06:32;;;;;;;;;
M3_PYRAMID_M3H1_5;;685;200;None;None;499;75;M3H1_0;M3_PYRAMID_M3H1_5
M3_PYRAMID_M3H1_10;;1669;400;None;None;1103;150;M3H1_1;M3_PYRAMID_M3H1_10
M3_PYRAMID_M3H1_15;;2832;600;None;None;1735;225;M3H1_1;M3_PYRAMID_M3H1_15
M3_PYRAMID_M3H1_20;;4000;800;None;None;2307;300;M3H1_2;M3_PYRAMID_M3H1_20
M3_PYRAMID_M3H1_25;;5213;1000;None;None;2863;375;M3H1_2;M3_PYRAMID_M3H1_25
M3_PYRAMID_M3H1_30;;6387;1200;None;None;3367;450;M3H1_3;M3_PYRAMID_M3H1_30
M3_PYRAMID_M3H1_35;;7563;1400;None;None;3851;525;M3H1_3;M3_PYRAMID_M3H1_35
M3_PYRAMID_M3H1_40;;8674;1600;None;None;4288;600;M3H1_4;M3_PYRAMID_M3H1_40
M3_PYRAMID_M3H1_45;;9794;1800;None;None;4718;675;M3H1_4;M3_PYRAMID_M3H1_45
M3_PYRAMID_M3H1_50;;10892;2000;None;None;5130;750;M3H1_5;M3_PYRAMID_M3H1_50
M3_PYRAMID_M3H1_55;;11941;2200;None;None;5513;825;M3H1_5;M3_PYRAMID_M3H1_55
M3_PYRAMID_M3H1_60;;12976;2400;None;None;5886;900;M3H1_6;M3_PYRAMID_M3H1_60
M3_PYRAMID_M3H1_65;;14000;2600;None;None;6250;975;M3H1_6;M3_PYRAMID_M3H1_65
M3_PYRAMID_M3H1_70;;14961;2800;None;None;6584;1050;M3H1_7;M3_PYRAMID_M3H1_70
M3_PYRAMID_M3H1_75;;15918;3000;None;None;6914;1125;M3H1_7;M3_PYRAMID_M3H1_75
M3_PYRAMID_M3H1_80;;16847;3200;None;None;7232;1200;M3H1_8;M3_PYRAMID_M3H1_80
M3_PYRAMID_M3H1_85;;17750;3400;None;None;7538;1275;M3H1_8;M3_PYRAMID_M3H1_85
M3_PYRAMID_M3H1_90;;18632;3600;None;None;7834;1350;M3H1_9;M3_PYRAMID_M3H1_90
M3_PYRAMID_M3H1_95;;19494;3800;None;None;8122;1425;M3H1_9;M3_PYRAMID_M3H1_95
M3_PYRAMID_M3H10_24;;4951;960;None;None;2744;360;M3H10_2;M3_PYRAMID_M3H10_24
M3_PYRAMID_M3H10_29;;6156;1160;None;None;3270;435;M3H10_2;M3_PYRAMID_M3H10_29
M3_PYRAMID_M3H10_34;;7325;1360;None;None;3754;510;M3H10_3;M3_PYRAMID_M3H10_34
M3_PYRAMID_M3H10_39;;8462;1560;None;None;4206;585;M3H10_3;M3_PYRAMID_M3H10_39
M3_PYRAMID_M3H10_44;;9573;1760;None;None;4634;660;M3H10_4;M3_PYRAMID_M3H10_44
M3_PYRAMID_M3H10_49;;10694;1960;None;None;5058;735;M3H10_4;M3_PYRAMID_M3H10_49
M3_PYRAMID_M3H10_54;;11733;2160;None;None;5438;810;M3H10_5;M3_PYRAMID_M3H10_54
M3_PYRAMID_M3H10_59;;12788;2360;None;None;5820;885;M3H10_5;M3_PYRAMID_M3H10_59
M3_PYRAMID_M3H10_64;;13802;2560;None;None;6180;960;M3H10_6;M3_PYRAMID_M3H10_64
M3_PYRAMID_M3H10_69;;14781;2760;None;None;6522;1035;M3H10_6;M3_PYRAMID_M3H10_69
M3_PYRAMID_M3H10_74;;15728;2960;None;None;6849;1110;M3H10_7;M3_PYRAMID_M3H10_74
M3_PYRAMID_M3H10_79;;16671;3160;None;None;7173;1185;M3H10_7;M3_PYRAMID_M3H10_79
M3_PYRAMID_M3H10_84;;17566;3360;None;None;7475;1260;M3H10_8;M3_PYRAMID_M3H10_84
M3_PYRAMID_M3H10_89;;18461;3560;None;None;7777;1335;M3H10_8;M3_PYRAMID_M3H10_89
M3_PYRAMID_M3H10_94;;19335;3760;None;None;8070;1410;M3H10_9;M3_PYRAMID_M3H10_94
M3_PYRAMID_M3H10_99;;20191;3960;None;None;8355;1485;M3H10_9;M3_PYRAMID_M3H10_99
M3_PYRAMID_M3H9_33;;7080;1320;None;None;3653;495;M3H9_3;M3_PYRAMID_M3H9_33
M3_PYRAMID_M3H9_38;;8245;1520;None;None;4122;570;M3H9_3;M3_PYRAMID_M3H9_38
M3_PYRAMID_M3H9_43;;9348;1720;None;None;4548;645;M3H9_4;M3_PYRAMID_M3H9_43
M3_PYRAMID_M3H9_48;;10460;1920;None;None;4970;720;M3H9_4;M3_PYRAMID_M3H9_48
M3_PYRAMID_M3H9_53;;11522;2120;None;None;5361;795;M3H9_5;M3_PYRAMID_M3H9_53
M3_PYRAMID_M3H9_58;;12568;2320;None;None;5740;870;M3H9_5;M3_PYRAMID_M3H9_58
M3_PYRAMID_M3H9_63;;13601;2520;None;None;6109;945;M3H9_6;M3_PYRAMID_M3H9_63
M3_PYRAMID_M3H9_68;;14571;2720;None;None;6448;1020;M3H9_6;M3_PYRAMID_M3H9_68
M3_PYRAMID_M3H9_73;;15535;2920;None;None;6782;1095;M3H9_7;M3_PYRAMID_M3H9_73
M3_PYRAMID_M3H9_78;;16470;3120;None;None;7103;1170;M3H9_7;M3_PYRAMID_M3H9_78
M3_PYRAMID_M3H9_83;;17402;3320;None;None;7421;1245;M3H9_8;M3_PYRAMID_M3H9_83
M3_PYRAMID_M3H9_88;;18287;3520;None;None;7719;1320;M3H9_8;M3_PYRAMID_M3H9_88
M3_PYRAMID_M3H9_93;;19153;3720;None;None;8008;1395;M3H9_9;M3_PYRAMID_M3H9_93
M3_PYRAMID_M3H9_98;;20020;3920;None;None;8299;1470;M3H9_9;M3_PYRAMID_M3H9_98
M3_PYRAMID_M3H7_42;;9150;1680;None;None;4475;630;M3H7_4;M3_PYRAMID_M3H7_42
M3_PYRAMID_M3H7_47;;10253;1880;None;None;4893;705;M3H7_4;M3_PYRAMID_M3H7_47
M3_PYRAMID_M3H7_52;;11306;2080;None;None;5281;780;M3H7_5;M3_PYRAMID_M3H7_52
M3_PYRAMID_M3H7_57;;12373;2280;None;None;5671;855;M3H7_5;M3_PYRAMID_M3H7_57
M3_PYRAMID_M3H7_62;;13397;2480;None;None;6037;930;M3H7_6;M3_PYRAMID_M3H7_62
M3_PYRAMID_M3H7_67;;14384;2680;None;None;6383;1005;M3H7_6;M3_PYRAMID_M3H7_67
M3_PYRAMID_M3H7_72;;15338;2880;None;None;6714;1080;M3H7_7;M3_PYRAMID_M3H7_72
M3_PYRAMID_M3H7_77;;16289;3080;None;None;7041;1155;M3H7_7;M3_PYRAMID_M3H7_77
M3_PYRAMID_M3H7_82;;17212;3280;None;None;7356;1230;M3H7_8;M3_PYRAMID_M3H7_82
M3_PYRAMID_M3H7_87;;18111;3480;None;None;7660;1305;M3H7_8;M3_PYRAMID_M3H7_87
M3_PYRAMID_M3H7_92;;18989;3680;None;None;7954;1380;M3H7_9;M3_PYRAMID_M3H7_92
M3_PYRAMID_M3H7_97;;19847;3880;None;None;8241;1455;M3H7_9;M3_PYRAMID_M3H7_97
M3_PYRAMID_M3H8_51;;11116;2040;None;None;5214;765;M3H8_5;M3_PYRAMID_M3H8_51
M3_PYRAMID_M3H8_56;;12173;2240;None;None;5600;840;M3H8_5;M3_PYRAMID_M3H8_56
M3_PYRAMID_M3H8_61;;13188;2440;None;None;5962;915;M3H8_6;M3_PYRAMID_M3H8_61
M3_PYRAMID_M3H8_66;;14193;2640;None;None;6317;990;M3H8_6;M3_PYRAMID_M3H8_66
M3_PYRAMID_M3H8_71;;15164;2840;None;None;6655;1065;M3H8_7;M3_PYRAMID_M3H8_71
M3_PYRAMID_M3H8_76;;16105;3040;None;None;6978;1140;M3H8_7;M3_PYRAMID_M3H8_76
M3_PYRAMID_M3H8_81;;17042;3240;None;None;7300;1215;M3H8_8;M3_PYRAMID_M3H8_81
M3_PYRAMID_M3H8_86;;17932;3440;None;None;7600;1290;M3H8_8;M3_PYRAMID_M3H8_86
M3_PYRAMID_M3H8_91;;18823;3640;None;None;7900;1365;M3H8_9;M3_PYRAMID_M3H8_91
M3_PYRAMID_M3H8_96;;19672;3840;None;None;8182;1440;M3H8_9;M3_PYRAMID_M3H8_96
M3_PYRAMID_M3H19_60;;12976;2400;None;None;5886;900;M3H19_6;M3_PYRAMID_M3H19_60
M3_PYRAMID_M3H19_65;;14000;2600;None;None;6250;975;M3H19_6;M3_PYRAMID_M3H19_65
M3_PYRAMID_M3H19_70;;14961;2800;None;None;6584;1050;M3H19_7;M3_PYRAMID_M3H19_70
M3_PYRAMID_M3H19_75;;15918;3000;None;None;6914;1125;M3H19_7;M3_PYRAMID_M3H19_75
M3_PYRAMID_M3H19_80;;16847;3200;None;None;7232;1200;M3H19_8;M3_PYRAMID_M3H19_80
M3_PYRAMID_M3H19_85;;17750;3400;None;None;7538;1275;M3H19_8;M3_PYRAMID_M3H19_85
M3_PYRAMID_M3H19_90;;18632;3600;None;None;7834;1350;M3H19_9;M3_PYRAMID_M3H19_90
M3_PYRAMID_M3H19_95;;19494;3800;None;None;8122;1425;M3H19_9;M3_PYRAMID_M3H19_95
M3_PYRAMID_RUBY_ANT_10;;1669;100;M3R1221;None;1103;100;;M3_PYRAMID_RUBY_ANT_10
M3_PYRAMID_RUBY_ANT_30;;6387;200;M3R1221;None;3367;200;;M3_PYRAMID_RUBY_ANT_30
M3_PYRAMID_RUBY_ANT_50;;10892;300;M3R1221;None;5130;300;;M3_PYRAMID_RUBY_ANT_50
M3_PYRAMID_RUBY_ANT_70;;14961;400;M3R1221;None;6584;400;;M3_PYRAMID_RUBY_ANT_70
M3_PYRAMID_RUBY_ANT_90;;18632;500;M3R1221;None;7834;500;;M3_PYRAMID_RUBY_ANT_90
M3_PYRAMID_PONDBACK_13;;2330;100;M3R1222;None;1468;100;;M3_PYRAMID_PONDBACK_13
M3_PYRAMID_PONDBACK_33;;7080;200;M3R1222;None;3653;200;;M3_PYRAMID_PONDBACK_33
M3_PYRAMID_PONDBACK_53;;11522;300;M3R1222;None;5361;300;;M3_PYRAMID_PONDBACK_53
M3_PYRAMID_PONDBACK_73;;15535;400;M3R1222;None;6782;400;;M3_PYRAMID_PONDBACK_73
M3_PYRAMID_PONDBACK_93;;19153;500;M3R1222;None;8008;500;;M3_PYRAMID_PONDBACK_93
M3_PYRAMID_FLYING_SQUIRREL_16;;3070;100;M3R1223;None;1857;100;;M3_PYRAMID_FLYING_SQUIRREL_16
M3_PYRAMID_FLYING_SQUIRREL_36;;7796;200;M3R1223;None;3945;200;;M3_PYRAMID_FLYING_SQUIRREL_36
M3_PYRAMID_FLYING_SQUIRREL_56;;12173;300;M3R1223;None;5600;300;;M3_PYRAMID_FLYING_SQUIRREL_56
M3_PYRAMID_FLYING_SQUIRREL_76;;16105;400;M3R1223;None;6978;400;;M3_PYRAMID_FLYING_SQUIRREL_76
M3_PYRAMID_FLYING_SQUIRREL_96;;19672;500;M3R1223;None;8182;500;;M3_PYRAMID_FLYING_SQUIRREL_96
M3_PYRAMID_WHITE_ANACONDA_19;;3744;100;M3R1224;None;2184;100;;M3_PYRAMID_WHITE_ANACONDA_19
M3_PYRAMID_WHITE_ANACONDA_39;;8462;200;M3R1224;None;4206;200;;M3_PYRAMID_WHITE_ANACONDA_39
M3_PYRAMID_WHITE_ANACONDA_59;;12788;300;M3R1224;None;5820;300;;M3_PYRAMID_WHITE_ANACONDA_59
M3_PYRAMID_WHITE_ANACONDA_79;;16671;400;M3R1224;None;7173;400;;M3_PYRAMID_WHITE_ANACONDA_79
M3_PYRAMID_WHITE_ANACONDA_99;;20191;500;M3R1224;None;8355;500;;M3_PYRAMID_WHITE_ANACONDA_99
M3_PYRAMID_LUMINA_22;;4489;500;M3R1302;None;2536;250;M3_PYRAMID_LUMINA_22;M3_PYRAMID_LUMINA_22
M3_PYRAMID_LUMINA_41;;8915;1000;M3R1302;None;4383;500;M3_PYRAMID_LUMINA_41;M3_PYRAMID_LUMINA_41
M3_PYRAMID_LUMINA_60;;12976;1500;M3R1302;None;5886;750;M3_PYRAMID_LUMINA_60;M3_PYRAMID_LUMINA_60
M3_PYRAMID_LUMINA_81;;17042;2000;M3R1302;None;7300;1000;M3_PYRAMID_LUMINA_81;M3_PYRAMID_LUMINA_81
M3_PYRAMID_LUMINA_97;;19847;2500;M3R1302;None;8241;1250;M3_PYRAMID_LUMINA_97;M3_PYRAMID_LUMINA_97
M3C_BONUS_ROOM_NHUBI_RANDOM;M3C_BONUS_ROOM_NHUBI;0;0;None;None;0;0;M3C_BONUS_ROOM_NHUBI;M3C_BONUS_ROOM_NHUBI_RANDOM
M3C_BONUS_ROOM_LETHE_RANDOM;M3C_BONUS_ROOM_LETHE;0;0;None;None;0;0;M3C_BONUS_ROOM_LETHE;M3C_BONUS_ROOM_LETHE_RANDOM
M3_PYRAMID_CARAVAN_ROBBER_1;;123;100;M3R1112;None;100;75;M3_PYRAMID_CARAVAN_ROBBER_1;M3_PYRAMID_CARAVAN_ROBBER_1
M3_PYRAMID_SANDSLEEPER_3;;356;75;M3R1113;None;272;50;M3_PYRAMID_SANDSLEEPER_3;M3_PYRAMID_SANDSLEEPER_3
M3_PYRAMID_RED_MESA_LOOKOUT_5;;685;83;M3R1114;None;499;66;M3_PYRAMID_RED_MESA_LOOKOUT_5;M3_PYRAMID_RED_MESA_LOOKOUT_5
M3_PYRAMID_WATER_CARRIER_7;;1045;90;M3R1212;M3R4105;730;80;M3_PYRAMID_WATER_CARRIER_7;M3_PYRAMID_WATER_CARRIER_7
M3_PYRAMID_DUNESURFER_9;;1486;127;M3R1213;None;1000;120;M3_PYRAMID_DUNESURFER_9;M3_PYRAMID_DUNESURFER_9
M3_PYRAMID_AUVARU_SENTINEL_OF_AURESH_11;;1897;200;M3R1312;None;1233;200;M3_PYRAMID_AUVARU_SENTINEL_OF_AURESH_11;M3_PYRAMID_AUVARU_SENTINEL_OF_AURESH_11
M3_PYRAMID_MARAKYCA_THE_CACTUS_13;;2330;90;M3R1313;None;1468;75;M3_PYRAMID_MARAKYCA_THE_CACTUS_13;M3_PYRAMID_MARAKYCA_THE_CACTUS_13
M3_PYRAMID_XUHROK_LIGHTWIELDER_15;;2832;160;M3R1314;None;1735;145;M3_PYRAMID_XUHROK_LIGHTWIELDER_15;M3_PYRAMID_XUHROK_LIGHTWIELDER_15
M3_PYRAMID_THE_HANGMAN_OF_GALLOWWOOD_17;;3302;300;M3R1341;None;1972;200;M3_PYRAMID_THE_HANGMAN_OF_GALLOWWOOD_17;M3_PYRAMID_THE_HANGMAN_OF_GALLOWWOOD_17
M3_PYRAMID_INVELTIMA_ROOT_ORACLE_19;;3744;300;M3R1342;M3R7307;2184;200;M3_PYRAMID_INVELTIMA_ROOT_ORACLE_19;M3_PYRAMID_INVELTIMA_ROOT_ORACLE_19
M3_PYRAMID_CARAVAN_ROBBER_21;;4248;200;M3R1112;None;2425;150;M3_PYRAMID_CARAVAN_ROBBER_21;M3_PYRAMID_CARAVAN_ROBBER_21
M3_PYRAMID_SANDSLEEPER_23;;4723;150;M3R1113;None;2642;100;M3_PYRAMID_SANDSLEEPER_23;M3_PYRAMID_SANDSLEEPER_23
M3_PYRAMID_RED_MESA_LOOKOUT_25;;5213;166;M3R1114;None;2863;132;M3_PYRAMID_RED_MESA_LOOKOUT_25;M3_PYRAMID_RED_MESA_LOOKOUT_25
M3_PYRAMID_WATER_CARRIER_27;;5677;180;M3R1212;M3R4105;3065;160;M3_PYRAMID_WATER_CARRIER_27;M3_PYRAMID_WATER_CARRIER_27
M3_PYRAMID_DUNESURFER_29;;6156;204;M3R1213;None;3270;190;M3_PYRAMID_DUNESURFER_29;M3_PYRAMID_DUNESURFER_29
M3_PYRAMID_AUVARU_SENTINEL_OF_AURESH_31;;6611;400;M3R1312;None;3460;400;M3_PYRAMID_AUVARU_SENTINEL_OF_AURESH_31;M3_PYRAMID_AUVARU_SENTINEL_OF_AURESH_31
M3_PYRAMID_MARAKYCA_THE_CACTUS_33;;7080;180;M3R1313;None;3653;150;M3_PYRAMID_MARAKYCA_THE_CACTUS_33;M3_PYRAMID_MARAKYCA_THE_CACTUS_33
M3_PYRAMID_XUHROK_LIGHTWIELDER_35;;7563;220;M3R1314;None;3851;200;M3_PYRAMID_XUHROK_LIGHTWIELDER_35;M3_PYRAMID_XUHROK_LIGHTWIELDER_35
M3_PYRAMID_THE_HANGMAN_OF_GALLOWWOOD_37;;8023;400;M3R1341;None;4035;300;M3_PYRAMID_THE_HANGMAN_OF_GALLOWWOOD_37;M3_PYRAMID_THE_HANGMAN_OF_GALLOWWOOD_37
M3_PYRAMID_INVELTIMA_ROOT_ORACLE_39;;8462;400;M3R1342;M3R7307;4206;300;M3_PYRAMID_INVELTIMA_ROOT_ORACLE_39;M3_PYRAMID_INVELTIMA_ROOT_ORACLE_39
M3_PYRAMID_CARAVAN_ROBBER_41;;8915;300;M3R1112;None;4383;225;M3_PYRAMID_CARAVAN_ROBBER_41;M3_PYRAMID_CARAVAN_ROBBER_41
M3_PYRAMID_SANDSLEEPER_43;;9348;225;M3R1113;None;4548;150;M3_PYRAMID_SANDSLEEPER_43;M3_PYRAMID_SANDSLEEPER_43
M3_PYRAMID_RED_MESA_LOOKOUT_45;;9794;249;M3R1114;None;4718;198;M3_PYRAMID_RED_MESA_LOOKOUT_45;M3_PYRAMID_RED_MESA_LOOKOUT_45
M3_PYRAMID_WATER_CARRIER_47;;10253;270;M3R1212;M3R4105;4893;240;M3_PYRAMID_WATER_CARRIER_47;M3_PYRAMID_WATER_CARRIER_47
M3_PYRAMID_DUNESURFER_49;;10694;281;M3R1213;None;5058;260;M3_PYRAMID_DUNESURFER_49;M3_PYRAMID_DUNESURFER_49
M3_PYRAMID_AUVARU_SENTINEL_OF_AURESH_51;;11116;600;M3R1312;None;5214;600;M3_PYRAMID_AUVARU_SENTINEL_OF_AURESH_51;M3_PYRAMID_AUVARU_SENTINEL_OF_AURESH_51
M3_PYRAMID_MARAKYCA_THE_CACTUS_53;;11522;270;M3R1313;None;5361;225;M3_PYRAMID_MARAKYCA_THE_CACTUS_53;M3_PYRAMID_MARAKYCA_THE_CACTUS_53
M3_PYRAMID_XUHROK_LIGHTWIELDER_55;;11941;280;M3R1314;None;5513;255;M3_PYRAMID_XUHROK_LIGHTWIELDER_55;M3_PYRAMID_XUHROK_LIGHTWIELDER_55
M3_PYRAMID_THE_HANGMAN_OF_GALLOWWOOD_57;;12373;500;M3R1341;None;5671;400;M3_PYRAMID_THE_HANGMAN_OF_GALLOWWOOD_57;M3_PYRAMID_THE_HANGMAN_OF_GALLOWWOOD_57
M3_PYRAMID_INVELTIMA_ROOT_ORACLE_59;;12788;500;M3R1342;M3R7307;5820;400;M3_PYRAMID_INVELTIMA_ROOT_ORACLE_59;M3_PYRAMID_INVELTIMA_ROOT_ORACLE_59
M3_PYRAMID_CARAVAN_ROBBER_61;;13188;400;M3R1112;None;5962;300;M3_PYRAMID_CARAVAN_ROBBER_61;M3_PYRAMID_CARAVAN_ROBBER_61
M3_PYRAMID_SANDSLEEPER_63;;13601;300;M3R1113;None;6109;200;M3_PYRAMID_SANDSLEEPER_63;M3_PYRAMID_SANDSLEEPER_63
M3_PYRAMID_RED_MESA_LOOKOUT_65;;14000;332;M3R1114;None;6250;264;M3_PYRAMID_RED_MESA_LOOKOUT_65;M3_PYRAMID_RED_MESA_LOOKOUT_65
M3_PYRAMID_WATER_CARRIER_67;;14384;360;M3R1212;M3R4105;6383;320;M3_PYRAMID_WATER_CARRIER_67;M3_PYRAMID_WATER_CARRIER_67
M3_PYRAMID_DUNESURFER_69;;14781;358;M3R1213;None;6522;330;M3_PYRAMID_DUNESURFER_69;M3_PYRAMID_DUNESURFER_69
M3_PYRAMID_AUVARU_SENTINEL_OF_AURESH_71;;15164;800;M3R1312;None;6655;800;M3_PYRAMID_AUVARU_SENTINEL_OF_AURESH_71;M3_PYRAMID_AUVARU_SENTINEL_OF_AURESH_71
M3_PYRAMID_MARAKYCA_THE_CACTUS_73;;15535;360;M3R1313;None;6782;300;M3_PYRAMID_MARAKYCA_THE_CACTUS_73;M3_PYRAMID_MARAKYCA_THE_CACTUS_73
M3_PYRAMID_XUHROK_LIGHTWIELDER_75;;15918;340;M3R1314;None;6914;310;M3_PYRAMID_XUHROK_LIGHTWIELDER_75;M3_PYRAMID_XUHROK_LIGHTWIELDER_75
M3_PYRAMID_THE_HANGMAN_OF_GALLOWWOOD_77;;16289;600;M3R1341;None;7041;500;M3_PYRAMID_THE_HANGMAN_OF_GALLOWWOOD_77;M3_PYRAMID_THE_HANGMAN_OF_GALLOWWOOD_77
M3_PYRAMID_INVELTIMA_ROOT_ORACLE_79;;16671;600;M3R1342;M3R7307;7173;500;M3_PYRAMID_INVELTIMA_ROOT_ORACLE_79;M3_PYRAMID_INVELTIMA_ROOT_ORACLE_79
M3_PYRAMID_CARAVAN_ROBBER_81;;17042;500;M3R1112;None;7300;375;M3_PYRAMID_CARAVAN_ROBBER_81;M3_PYRAMID_CARAVAN_ROBBER_81
M3_PYRAMID_SANDSLEEPER_83;;17402;375;M3R1113;None;7421;250;M3_PYRAMID_SANDSLEEPER_83;M3_PYRAMID_SANDSLEEPER_83
M3_PYRAMID_RED_MESA_LOOKOUT_85;;17750;415;M3R1114;None;7538;330;M3_PYRAMID_RED_MESA_LOOKOUT_85;M3_PYRAMID_RED_MESA_LOOKOUT_85
M3_PYRAMID_WATER_CARRIER_87;;18111;450;M3R1212;M3R4105;7660;400;M3_PYRAMID_WATER_CARRIER_87;M3_PYRAMID_WATER_CARRIER_87
M3_PYRAMID_DUNESURFER_89;;18461;435;M3R1213;None;7777;400;M3_PYRAMID_DUNESURFER_89;M3_PYRAMID_DUNESURFER_89
M3_PYRAMID_AUVARU_SENTINEL_OF_AURESH_91;;18823;1000;M3R1312;None;7900;1000;M3_PYRAMID_AUVARU_SENTINEL_OF_AURESH_91;M3_PYRAMID_AUVARU_SENTINEL_OF_AURESH_91
M3_PYRAMID_MARAKYCA_THE_CACTUS_93;;19153;450;M3R1313;None;8008;375;M3_PYRAMID_MARAKYCA_THE_CACTUS_93;M3_PYRAMID_MARAKYCA_THE_CACTUS_93
M3_PYRAMID_XUHROK_LIGHTWIELDER_95;;19494;400;M3R1314;None;8122;365;M3_PYRAMID_XUHROK_LIGHTWIELDER_95;M3_PYRAMID_XUHROK_LIGHTWIELDER_95
M3_PYRAMID_THE_HANGMAN_OF_GALLOWWOOD_97;;19847;700;M3R1341;None;8241;600;M3_PYRAMID_THE_HANGMAN_OF_GALLOWWOOD_97;M3_PYRAMID_THE_HANGMAN_OF_GALLOWWOOD_97
M3_PYRAMID_INVELTIMA_ROOT_ORACLE_99;;20191;700;M3R1342;M3R7307;8355;600;M3_PYRAMID_INVELTIMA_ROOT_ORACLE_99;M3_PYRAMID_INVELTIMA_ROOT_ORACLE_99
M3_PYRAMID_MEERKAT_1;;181;200;M3R1102;None;142;50;M3_PYRAMID_MEERKAT_1;M3_PYRAMID_MEERKAT_1
M3_PYRAMID_FENNEK_2;;181;250;M3R1121;None;142;50;M3_PYRAMID_FENNEK_2;M3_PYRAMID_FENNEK_2
M3_PYRAMID_CAMEL_3;;356;300;None;None;272;50;M3_PYRAMID_CAMEL_3;M3_PYRAMID_CAMEL_3
M3_PYRAMID_VULTURE_4;;524;300;M3R1206;None;391;100;M3_PYRAMID_VULTURE_4;M3_PYRAMID_VULTURE_4
M3_PYRAMID_MELXIOR_90;;37264;3000;M3R1403;M3R2313;15668;3000;M3_PYRAMID_MELXIOR_90;M3_PYRAMID_MELXIOR_90
M3_PYRAMID_HEOSPHOROS_99;;60573;5000;M3R1401;None;25065;5000;M3_PYRAMID_HEOSPHOROS_99;M3_PYRAMID_HEOSPHOROS_99
M3_TOWER_M3H2_5;;685;200;None;None;499;75;M3H2_0;M3_TOWER_M3H2_5
M3_TOWER_M3H2_10;;1669;400;None;None;1103;150;M3H2_1;M3_TOWER_M3H2_10
M3_TOWER_M3H2_15;;2832;600;None;None;1735;225;M3H2_1;M3_TOWER_M3H2_15
M3_TOWER_M3H2_20;;4000;800;None;None;2307;300;M3H2_2;M3_TOWER_M3H2_20
M3_TOWER_M3H2_25;;5213;1000;None;None;2863;375;M3H2_2;M3_TOWER_M3H2_25
M3_TOWER_M3H2_30;;6387;1200;None;None;3367;450;M3H2_3;M3_TOWER_M3H2_30
M3_TOWER_M3H2_35;;7563;1400;None;None;3851;525;M3H2_3;M3_TOWER_M3H2_35
M3_TOWER_M3H2_40;;8674;1600;None;None;4288;600;M3H2_4;M3_TOWER_M3H2_40
M3_TOWER_M3H2_45;;9794;1800;None;None;4718;675;M3H2_4;M3_TOWER_M3H2_45
M3_TOWER_M3H2_50;;10892;2000;None;None;5130;750;M3H2_5;M3_TOWER_M3H2_50
M3_TOWER_M3H2_55;;11941;2200;None;None;5513;825;M3H2_5;M3_TOWER_M3H2_55
M3_TOWER_M3H2_60;;12976;2400;None;None;5886;900;M3H2_6;M3_TOWER_M3H2_60
M3_TOWER_M3H2_65;;14000;2600;None;None;6250;975;M3H2_6;M3_TOWER_M3H2_65
M3_TOWER_M3H2_70;;14961;2800;None;None;6584;1050;M3H2_7;M3_TOWER_M3H2_70
M3_TOWER_M3H2_75;;15918;3000;None;None;6914;1125;M3H2_7;M3_TOWER_M3H2_75
M3_TOWER_M3H2_80;;16847;3200;None;None;7232;1200;M3H2_8;M3_TOWER_M3H2_80
M3_TOWER_M3H2_85;;17750;3400;None;None;7538;1275;M3H2_8;M3_TOWER_M3H2_85
M3_TOWER_M3H2_90;;18632;3600;None;None;7834;1350;M3H2_9;M3_TOWER_M3H2_90
M3_TOWER_M3H2_95;;19494;3800;None;None;8122;1425;M3H2_9;M3_TOWER_M3H2_95
M3_TOWER_M3H13_24;;4951;960;None;None;2744;360;M3H13_2;M3_TOWER_M3H13_24
M3_TOWER_M3H13_29;;6156;1160;None;None;3270;435;M3H13_2;M3_TOWER_M3H13_29
M3_TOWER_M3H13_34;;7325;1360;None;None;3754;510;M3H13_3;M3_TOWER_M3H13_34
M3_TOWER_M3H13_39;;8462;1560;None;None;4206;585;M3H13_3;M3_TOWER_M3H13_39
M3_TOWER_M3H13_44;;9573;1760;None;None;4634;660;M3H13_4;M3_TOWER_M3H13_44
M3_TOWER_M3H13_49;;10694;1960;None;None;5058;735;M3H13_4;M3_TOWER_M3H13_49
M3_TOWER_M3H13_54;;11733;2160;None;None;5438;810;M3H13_5;M3_TOWER_M3H13_54
M3_TOWER_M3H13_59;;12788;2360;None;None;5820;885;M3H13_5;M3_TOWER_M3H13_59
M3_TOWER_M3H13_64;;13802;2560;None;None;6180;960;M3H13_6;M3_TOWER_M3H13_64
M3_TOWER_M3H13_69;;14781;2760;None;None;6522;1035;M3H13_6;M3_TOWER_M3H13_69
M3_TOWER_M3H13_74;;15728;2960;None;None;6849;1110;M3H13_7;M3_TOWER_M3H13_74
M3_TOWER_M3H13_79;;16671;3160;None;None;7173;1185;M3H13_7;M3_TOWER_M3H13_79
M3_TOWER_M3H13_84;;17566;3360;None;None;7475;1260;M3H13_8;M3_TOWER_M3H13_84
M3_TOWER_M3H13_89;;18461;3560;None;None;7777;1335;M3H13_8;M3_TOWER_M3H13_89
M3_TOWER_M3H13_94;;19335;3760;None;None;8070;1410;M3H13_9;M3_TOWER_M3H13_94
M3_TOWER_M3H13_99;;20191;3960;None;None;8355;1485;M3H13_9;M3_TOWER_M3H13_99
M3_TOWER_M3H12_33;;7080;1320;None;None;3653;495;M3H12_3;M3_TOWER_M3H12_33
M3_TOWER_M3H12_38;;8245;1520;None;None;4122;570;M3H12_3;M3_TOWER_M3H12_38
M3_TOWER_M3H12_43;;9348;1720;None;None;4548;645;M3H12_4;M3_TOWER_M3H12_43
M3_TOWER_M3H12_48;;10460;1920;None;None;4970;720;M3H12_4;M3_TOWER_M3H12_48
M3_TOWER_M3H12_53;;11522;2120;None;None;5361;795;M3H12_5;M3_TOWER_M3H12_53
M3_TOWER_M3H12_58;;12568;2320;None;None;5740;870;M3H12_5;M3_TOWER_M3H12_58
M3_TOWER_M3H12_63;;13601;2520;None;None;6109;945;M3H12_6;M3_TOWER_M3H12_63
M3_TOWER_M3H12_68;;14571;2720;None;None;6448;1020;M3H12_6;M3_TOWER_M3H12_68
M3_TOWER_M3H12_73;;15535;2920;None;None;6782;1095;M3H12_7;M3_TOWER_M3H12_73
M3_TOWER_M3H12_78;;16470;3120;None;None;7103;1170;M3H12_7;M3_TOWER_M3H12_78
M3_TOWER_M3H12_83;;17402;3320;None;None;7421;1245;M3H12_8;M3_TOWER_M3H12_83
M3_TOWER_M3H12_88;;18287;3520;None;None;7719;1320;M3H12_8;M3_TOWER_M3H12_88
M3_TOWER_M3H12_93;;19153;3720;None;None;8008;1395;M3H12_9;M3_TOWER_M3H12_93
M3_TOWER_M3H12_98;;20020;3920;None;None;8299;1470;M3H12_9;M3_TOWER_M3H12_98
M3_TOWER_M3H14_42;;9150;1680;None;None;4475;630;M3H14_4;M3_TOWER_M3H14_42
M3_TOWER_M3H14_47;;10253;1880;None;None;4893;705;M3H14_4;M3_TOWER_M3H14_47
M3_TOWER_M3H14_52;;11306;2080;None;None;5281;780;M3H14_5;M3_TOWER_M3H14_52
M3_TOWER_M3H14_57;;12373;2280;None;None;5671;855;M3H14_5;M3_TOWER_M3H14_57
M3_TOWER_M3H14_62;;13397;2480;None;None;6037;930;M3H14_6;M3_TOWER_M3H14_62
M3_TOWER_M3H14_67;;14384;2680;None;None;6383;1005;M3H14_6;M3_TOWER_M3H14_67
M3_TOWER_M3H14_72;;15338;2880;None;None;6714;1080;M3H14_7;M3_TOWER_M3H14_72
M3_TOWER_M3H14_77;;16289;3080;None;None;7041;1155;M3H14_7;M3_TOWER_M3H14_77
M3_TOWER_M3H14_82;;17212;3280;None;None;7356;1230;M3H14_8;M3_TOWER_M3H14_82
M3_TOWER_M3H14_87;;18111;3480;None;None;7660;1305;M3H14_8;M3_TOWER_M3H14_87
M3_TOWER_M3H14_92;;18989;3680;None;None;7954;1380;M3H14_9;M3_TOWER_M3H14_92
M3_TOWER_M3H14_97;;19847;3880;None;None;8241;1455;M3H14_9;M3_TOWER_M3H14_97
M3_TOWER_M3H11_51;;11116;2040;None;None;5214;765;M3H11_5;M3_TOWER_M3H11_51
M3_TOWER_M3H11_56;;12173;2240;None;None;5600;840;M3H11_5;M3_TOWER_M3H11_56
M3_TOWER_M3H11_61;;13188;2440;None;None;5962;915;M3H11_6;M3_TOWER_M3H11_61
M3_TOWER_M3H11_66;;14193;2640;None;None;6317;990;M3H11_6;M3_TOWER_M3H11_66
M3_TOWER_M3H11_71;;15164;2840;None;None;6655;1065;M3H11_7;M3_TOWER_M3H11_71
M3_TOWER_M3H11_76;;16105;3040;None;None;6978;1140;M3H11_7;M3_TOWER_M3H11_76
M3_TOWER_M3H11_81;;17042;3240;None;None;7300;1215;M3H11_8;M3_TOWER_M3H11_81
M3_TOWER_M3H11_86;;17932;3440;None;None;7600;1290;M3H11_8;M3_TOWER_M3H11_86
M3_TOWER_M3H11_91;;18823;3640;None;None;7900;1365;M3H11_9;M3_TOWER_M3H11_91
M3_TOWER_M3H11_96;;19672;3840;None;None;8182;1440;M3H11_9;M3_TOWER_M3H11_96
M3_TOWER_M3H19_60;;12976;2400;None;None;5886;900;M3H19_6;M3_TOWER_M3H19_60
M3_TOWER_M3H19_65;;14000;2600;None;None;6250;975;M3H19_6;M3_TOWER_M3H19_65
M3_TOWER_M3H19_70;;14961;2800;None;None;6584;1050;M3H19_7;M3_TOWER_M3H19_70
M3_TOWER_M3H19_75;;15918;3000;None;None;6914;1125;M3H19_7;M3_TOWER_M3H19_75
M3_TOWER_M3H19_80;;16847;3200;None;None;7232;1200;M3H19_8;M3_TOWER_M3H19_80
M3_TOWER_M3H19_85;;17750;3400;None;None;7538;1275;M3H19_8;M3_TOWER_M3H19_85
M3_TOWER_M3H19_90;;18632;3600;None;None;7834;1350;M3H19_9;M3_TOWER_M3H19_90
M3_TOWER_M3H19_95;;19494;3800;None;None;8122;1425;M3H19_9;M3_TOWER_M3H19_95
M3_TOWER_STORMBRAWLER_10;;1669;100;M3R2223;None;1103;100;;M3_TOWER_STORMBRAWLER_10
M3_TOWER_STORMBRAWLER_30;;6387;200;M3R2223;None;3367;200;;M3_TOWER_STORMBRAWLER_30
M3_TOWER_STORMBRAWLER_50;;10892;300;M3R2223;None;5130;300;;M3_TOWER_STORMBRAWLER_50
M3_TOWER_STORMBRAWLER_70;;14961;400;M3R2223;None;6584;400;;M3_TOWER_STORMBRAWLER_70
M3_TOWER_STORMBRAWLER_90;;18632;500;M3R2223;None;7834;500;;M3_TOWER_STORMBRAWLER_90
M3_TOWER_CHAROOSTER_13;;2330;100;M3R2221;None;1468;100;;M3_TOWER_CHAROOSTER_13
M3_TOWER_CHAROOSTER_33;;7080;200;M3R2221;None;3653;200;;M3_TOWER_CHAROOSTER_33
M3_TOWER_CHAROOSTER_53;;11522;300;M3R2221;None;5361;300;;M3_TOWER_CHAROOSTER_53
M3_TOWER_CHAROOSTER_73;;15535;400;M3R2221;None;6782;400;;M3_TOWER_CHAROOSTER_73
M3_TOWER_CHAROOSTER_93;;19153;500;M3R2221;None;8008;500;;M3_TOWER_CHAROOSTER_93
M3_TOWER_STARNOSED_MOLE_16;;3070;100;M3R2224;None;1857;100;;M3_TOWER_STARNOSED_MOLE_16
M3_TOWER_STARNOSED_MOLE_36;;7796;200;M3R2224;None;3945;200;;M3_TOWER_STARNOSED_MOLE_36
M3_TOWER_STARNOSED_MOLE_56;;12173;300;M3R2224;None;5600;300;;M3_TOWER_STARNOSED_MOLE_56
M3_TOWER_STARNOSED_MOLE_76;;16105;400;M3R2224;None;6978;400;;M3_TOWER_STARNOSED_MOLE_76
M3_TOWER_STARNOSED_MOLE_96;;19672;500;M3R2224;None;8182;500;;M3_TOWER_STARNOSED_MOLE_96
M3_TOWER_PENGUIN_19;;3744;100;M3R2222;None;2184;100;;M3_TOWER_PENGUIN_19
M3_TOWER_PENGUIN_39;;8462;200;M3R2222;None;4206;200;;M3_TOWER_PENGUIN_39
M3_TOWER_PENGUIN_59;;12788;300;M3R2222;None;5820;300;;M3_TOWER_PENGUIN_59
M3_TOWER_PENGUIN_79;;16671;400;M3R2222;None;7173;400;;M3_TOWER_PENGUIN_79
M3_TOWER_PENGUIN_99;;20191;500;M3R2222;None;8355;500;;M3_TOWER_PENGUIN_99
M3_TOWER_NOCTURNA_22;;4489;500;M3R2302;None;2536;250;M3_TOWER_NOCTURNA_22;M3_TOWER_NOCTURNA_22
M3_TOWER_NOCTURNA_41;;8915;1000;M3R2302;None;4383;500;M3_TOWER_NOCTURNA_41;M3_TOWER_NOCTURNA_41
M3_TOWER_NOCTURNA_60;;12976;1500;M3R2302;None;5886;750;M3_TOWER_NOCTURNA_60;M3_TOWER_NOCTURNA_60
M3_TOWER_NOCTURNA_81;;17042;2000;M3R2302;None;7300;1000;M3_TOWER_NOCTURNA_81;M3_TOWER_NOCTURNA_81
M3_TOWER_NOCTURNA_97;;19847;2500;M3R2302;None;8241;1250;M3_TOWER_NOCTURNA_97;M3_TOWER_NOCTURNA_97
M3C_BONUS_ROOM_OBSCURA_RANDOM;M3C_BONUS_ROOM_OBSCURA;0;0;None;None;0;0;M3C_BONUS_ROOM_OBSCURA;M3C_BONUS_ROOM_OBSCURA_RANDOM
M3C_BONUS_ROOM_XAMBR_RANDOM;M3C_BONUS_ROOM_XAMBR;0;0;None;None;0;0;M3C_BONUS_ROOM_XAMBR;M3C_BONUS_ROOM_XAMBR_RANDOM
M3_TOWER_FOUNDATION_BUILDER_1;;123;80;M3R2112;None;100;75;M3_TOWER_FOUNDATION_BUILDER_1;M3_TOWER_FOUNDATION_BUILDER_1
M3_TOWER_WYRMWRANGLER_3;;356;90;M3R2113;None;272;70;M3_TOWER_WYRMWRANGLER_3;M3_TOWER_WYRMWRANGLER_3
M3_TOWER_SARAYAHS_HONOR_GUARD_5;;685;80;M3R2115;None;499;77;M3_TOWER_SARAYAHS_HONOR_GUARD_5;M3_TOWER_SARAYAHS_HONOR_GUARD_5
M3_TOWER_SILVERSMITH_7;;1045;80;M3R2142;None;730;70;M3_TOWER_SILVERSMITH_7;M3_TOWER_SILVERSMITH_7
M3_TOWER_MUSHROOM_PICKER_9;;1486;145;M3R2211;M3R1110;1000;130;M3_TOWER_MUSHROOM_PICKER_9;M3_TOWER_MUSHROOM_PICKER_9
M3_TOWER_LUX_SOLA_STEELWRIGHT_11;;1897;180;M3R2212;M3R6307;1233;150;M3_TOWER_LUX_SOLA_STEELWRIGHT_11;M3_TOWER_LUX_SOLA_STEELWRIGHT_11
M3_TOWER_EOS_THE_RETURNED_13;;2330;90;M3R2214;None;1468;75;M3_TOWER_EOS_THE_RETURNED_13;M3_TOWER_EOS_THE_RETURNED_13
M3_TOWER_DEMOLITION_MASTER_15;;2832;150;M3R2242;M3R3308;1735;135;M3_TOWER_DEMOLITION_MASTER_15;M3_TOWER_DEMOLITION_MASTER_15
M3_TOWER_CRYSTAL_THIEF_17;;3302;240;M3R2311;M3R2117;1972;225;M3_TOWER_CRYSTAL_THIEF_17;M3_TOWER_CRYSTAL_THIEF_17
M3_TOWER_WYRMSLAYER_19;;3744;270;M3R2314;M3R2309;2184;200;M3_TOWER_WYRMSLAYER_19;M3_TOWER_WYRMSLAYER_19
M3_TOWER_FOUNDATION_BUILDER_21;;4248;160;M3R2112;None;2425;150;M3_TOWER_FOUNDATION_BUILDER_21;M3_TOWER_FOUNDATION_BUILDER_21
M3_TOWER_WYRMWRANGLER_23;;4723;180;M3R2113;None;2642;140;M3_TOWER_WYRMWRANGLER_23;M3_TOWER_WYRMWRANGLER_23
M3_TOWER_SARAYAHS_HONOR_GUARD_25;;5213;160;M3R2115;None;2863;154;M3_TOWER_SARAYAHS_HONOR_GUARD_25;M3_TOWER_SARAYAHS_HONOR_GUARD_25
M3_TOWER_SILVERSMITH_27;;5677;160;M3R2142;None;3065;140;M3_TOWER_SILVERSMITH_27;M3_TOWER_SILVERSMITH_27
M3_TOWER_MUSHROOM_PICKER_29;;6156;210;M3R2211;M3R1110;3270;190;M3_TOWER_MUSHROOM_PICKER_29;M3_TOWER_MUSHROOM_PICKER_29
M3_TOWER_LUX_SOLA_STEELWRIGHT_31;;6611;360;M3R2212;M3R6307;3460;300;M3_TOWER_LUX_SOLA_STEELWRIGHT_31;M3_TOWER_LUX_SOLA_STEELWRIGHT_31
M3_TOWER_EOS_THE_RETURNED_33;;7080;180;M3R2214;None;3653;150;M3_TOWER_EOS_THE_RETURNED_33;M3_TOWER_EOS_THE_RETURNED_33
M3_TOWER_DEMOLITION_MASTER_35;;7563;220;M3R2242;M3R3308;3851;200;M3_TOWER_DEMOLITION_MASTER_35;M3_TOWER_DEMOLITION_MASTER_35
M3_TOWER_CRYSTAL_THIEF_37;;8023;330;M3R2311;M3R2117;4035;310;M3_TOWER_CRYSTAL_THIEF_37;M3_TOWER_CRYSTAL_THIEF_37
M3_TOWER_WYRMSLAYER_39;;8462;360;M3R2314;M3R2309;4206;300;M3_TOWER_WYRMSLAYER_39;M3_TOWER_WYRMSLAYER_39
M3_TOWER_FOUNDATION_BUILDER_41;;8915;240;M3R2112;None;4383;225;M3_TOWER_FOUNDATION_BUILDER_41;M3_TOWER_FOUNDATION_BUILDER_41
M3_TOWER_WYRMWRANGLER_43;;9348;270;M3R2113;None;4548;210;M3_TOWER_WYRMWRANGLER_43;M3_TOWER_WYRMWRANGLER_43
M3_TOWER_SARAYAHS_HONOR_GUARD_45;;9794;240;M3R2115;None;4718;231;M3_TOWER_SARAYAHS_HONOR_GUARD_45;M3_TOWER_SARAYAHS_HONOR_GUARD_45
M3_TOWER_SILVERSMITH_47;;10253;240;M3R2142;None;4893;210;M3_TOWER_SILVERSMITH_47;M3_TOWER_SILVERSMITH_47
M3_TOWER_MUSHROOM_PICKER_49;;10694;275;M3R2211;M3R1110;5058;250;M3_TOWER_MUSHROOM_PICKER_49;M3_TOWER_MUSHROOM_PICKER_49
M3_TOWER_LUX_SOLA_STEELWRIGHT_51;;11116;540;M3R2212;M3R6307;5214;450;M3_TOWER_LUX_SOLA_STEELWRIGHT_51;M3_TOWER_LUX_SOLA_STEELWRIGHT_51
M3_TOWER_EOS_THE_RETURNED_53;;11522;270;M3R2214;None;5361;225;M3_TOWER_EOS_THE_RETURNED_53;M3_TOWER_EOS_THE_RETURNED_53
M3_TOWER_DEMOLITION_MASTER_55;;11941;290;M3R2242;M3R3308;5513;265;M3_TOWER_DEMOLITION_MASTER_55;M3_TOWER_DEMOLITION_MASTER_55
M3_TOWER_CRYSTAL_THIEF_57;;12373;420;M3R2311;M3R2117;5671;395;M3_TOWER_CRYSTAL_THIEF_57;M3_TOWER_CRYSTAL_THIEF_57
M3_TOWER_WYRMSLAYER_59;;12788;450;M3R2314;M3R2309;5820;400;M3_TOWER_WYRMSLAYER_59;M3_TOWER_WYRMSLAYER_59
M3_TOWER_FOUNDATION_BUILDER_61;;13188;320;M3R2112;None;5962;300;M3_TOWER_FOUNDATION_BUILDER_61;M3_TOWER_FOUNDATION_BUILDER_61
M3_TOWER_WYRMWRANGLER_63;;13601;360;M3R2113;None;6109;280;M3_TOWER_WYRMWRANGLER_63;M3_TOWER_WYRMWRANGLER_63
M3_TOWER_SARAYAHS_HONOR_GUARD_65;;14000;320;M3R2115;None;6250;308;M3_TOWER_SARAYAHS_HONOR_GUARD_65;M3_TOWER_SARAYAHS_HONOR_GUARD_65
M3_TOWER_SILVERSMITH_67;;14384;320;M3R2142;None;6383;280;M3_TOWER_SILVERSMITH_67;M3_TOWER_SILVERSMITH_67
M3_TOWER_MUSHROOM_PICKER_69;;14781;340;M3R2211;M3R1110;6522;310;M3_TOWER_MUSHROOM_PICKER_69;M3_TOWER_MUSHROOM_PICKER_69
M3_TOWER_LUX_SOLA_STEELWRIGHT_71;;15164;720;M3R2212;M3R6307;6655;600;M3_TOWER_LUX_SOLA_STEELWRIGHT_71;M3_TOWER_LUX_SOLA_STEELWRIGHT_71
M3_TOWER_EOS_THE_RETURNED_73;;15535;360;M3R2214;None;6782;300;M3_TOWER_EOS_THE_RETURNED_73;M3_TOWER_EOS_THE_RETURNED_73
M3_TOWER_DEMOLITION_MASTER_75;;15918;360;M3R2242;M3R3308;6914;330;M3_TOWER_DEMOLITION_MASTER_75;M3_TOWER_DEMOLITION_MASTER_75
M3_TOWER_CRYSTAL_THIEF_77;;16289;510;M3R2311;M3R2117;7041;480;M3_TOWER_CRYSTAL_THIEF_77;M3_TOWER_CRYSTAL_THIEF_77
M3_TOWER_WYRMSLAYER_79;;16671;540;M3R2314;M3R2309;7173;500;M3_TOWER_WYRMSLAYER_79;M3_TOWER_WYRMSLAYER_79
M3_TOWER_FOUNDATION_BUILDER_81;;17042;400;M3R2112;None;7300;375;M3_TOWER_FOUNDATION_BUILDER_81;M3_TOWER_FOUNDATION_BUILDER_81
M3_TOWER_WYRMWRANGLER_83;;17402;450;M3R2113;None;7421;350;M3_TOWER_WYRMWRANGLER_83;M3_TOWER_WYRMWRANGLER_83
M3_TOWER_SARAYAHS_HONOR_GUARD_85;;17750;400;M3R2115;None;7538;385;M3_TOWER_SARAYAHS_HONOR_GUARD_85;M3_TOWER_SARAYAHS_HONOR_GUARD_85
M3_TOWER_SILVERSMITH_87;;18111;400;M3R2142;None;7660;350;M3_TOWER_SILVERSMITH_87;M3_TOWER_SILVERSMITH_87
M3_TOWER_MUSHROOM_PICKER_89;;18461;405;M3R2211;M3R1110;7777;370;M3_TOWER_MUSHROOM_PICKER_89;M3_TOWER_MUSHROOM_PICKER_89
M3_TOWER_LUX_SOLA_STEELWRIGHT_91;;18823;900;M3R2212;M3R6307;7900;750;M3_TOWER_LUX_SOLA_STEELWRIGHT_91;M3_TOWER_LUX_SOLA_STEELWRIGHT_91
M3_TOWER_EOS_THE_RETURNED_93;;19153;450;M3R2214;None;8008;375;M3_TOWER_EOS_THE_RETURNED_93;M3_TOWER_EOS_THE_RETURNED_93
M3_TOWER_DEMOLITION_MASTER_95;;19494;430;M3R2242;M3R3308;8122;395;M3_TOWER_DEMOLITION_MASTER_95;M3_TOWER_DEMOLITION_MASTER_95
M3_TOWER_CRYSTAL_THIEF_97;;19847;600;M3R2311;M3R2117;8241;565;M3_TOWER_CRYSTAL_THIEF_97;M3_TOWER_CRYSTAL_THIEF_97
M3_TOWER_WYRMSLAYER_99;;20191;630;M3R2314;M3R2309;8355;600;M3_TOWER_WYRMSLAYER_99;M3_TOWER_WYRMSLAYER_99
M3_TOWER_HOOT_OWL_1;;181;200;None;None;142;50;M3_TOWER_HOOT_OWL_1;M3_TOWER_HOOT_OWL_1
M3_TOWER_FRUIT_BAT_2;;181;250;M3R2206;M3R2109;142;50;M3_TOWER_FRUIT_BAT_2;M3_TOWER_FRUIT_BAT_2
M3_TOWER_NIGHTWOLF_3;;356;300;M3R2103;None;272;50;M3_TOWER_NIGHTWOLF_3;M3_TOWER_NIGHTWOLF_3
M3_TOWER_PUMA_SPIRIT_4;;524;300;M3R2116;None;391;100;M3_TOWER_PUMA_SPIRIT_4;M3_TOWER_PUMA_SPIRIT_4
M3_TOWER_LORZHAN_90;;37264;3000;M3R2403;M3R3118;15668;3000;M3_TOWER_LORZHAN_90;M3_TOWER_LORZHAN_90
M3_TOWER_STYX_99;;60573;5000;M3R2401;None;25065;5000;M3_TOWER_STYX_99;M3_TOWER_STYX_99
M3_VOLCANO_M3H3_5;;685;200;None;None;499;75;M3H3_0;M3_VOLCANO_M3H3_5
M3_VOLCANO_M3H3_10;;1669;400;None;None;1103;150;M3H3_1;M3_VOLCANO_M3H3_10
M3_VOLCANO_M3H3_15;;2832;600;None;None;1735;225;M3H3_1;M3_VOLCANO_M3H3_15
M3_VOLCANO_M3H3_20;;4000;800;None;None;2307;300;M3H3_2;M3_VOLCANO_M3H3_20
M3_VOLCANO_M3H3_25;;5213;1000;None;None;2863;375;M3H3_2;M3_VOLCANO_M3H3_25
M3_VOLCANO_M3H3_30;;6387;1200;None;None;3367;450;M3H3_3;M3_VOLCANO_M3H3_30
M3_VOLCANO_M3H3_35;;7563;1400;None;None;3851;525;M3H3_3;M3_VOLCANO_M3H3_35
M3_VOLCANO_M3H3_40;;8674;1600;None;None;4288;600;M3H3_4;M3_VOLCANO_M3H3_40
M3_VOLCANO_M3H3_45;;9794;1800;None;None;4718;675;M3H3_4;M3_VOLCANO_M3H3_45
M3_VOLCANO_M3H3_50;;10892;2000;None;None;5130;750;M3H3_5;M3_VOLCANO_M3H3_50
M3_VOLCANO_M3H3_55;;11941;2200;None;None;5513;825;M3H3_5;M3_VOLCANO_M3H3_55
M3_VOLCANO_M3H3_60;;12976;2400;None;None;5886;900;M3H3_6;M3_VOLCANO_M3H3_60
M3_VOLCANO_M3H3_65;;14000;2600;None;None;6250;975;M3H3_6;M3_VOLCANO_M3H3_65
M3_VOLCANO_M3H3_70;;14961;2800;None;None;6584;1050;M3H3_7;M3_VOLCANO_M3H3_70
M3_VOLCANO_M3H3_75;;15918;3000;None;None;6914;1125;M3H3_7;M3_VOLCANO_M3H3_75
M3_VOLCANO_M3H3_80;;16847;3200;None;None;7232;1200;M3H3_8;M3_VOLCANO_M3H3_80
M3_VOLCANO_M3H3_85;;17750;3400;None;None;7538;1275;M3H3_8;M3_VOLCANO_M3H3_85
M3_VOLCANO_M3H3_90;;18632;3600;None;None;7834;1350;M3H3_9;M3_VOLCANO_M3H3_90
M3_VOLCANO_M3H3_95;;19494;3800;None;None;8122;1425;M3H3_9;M3_VOLCANO_M3H3_95
M3_VOLCANO_M3H15_24;;4951;960;None;None;2744;360;M3H15_2;M3_VOLCANO_M3H15_24
M3_VOLCANO_M3H15_29;;6156;1160;None;None;3270;435;M3H15_2;M3_VOLCANO_M3H15_29
M3_VOLCANO_M3H15_34;;7325;1360;None;None;3754;510;M3H15_3;M3_VOLCANO_M3H15_34
M3_VOLCANO_M3H15_39;;8462;1560;None;None;4206;585;M3H15_3;M3_VOLCANO_M3H15_39
M3_VOLCANO_M3H15_44;;9573;1760;None;None;4634;660;M3H15_4;M3_VOLCANO_M3H15_44
M3_VOLCANO_M3H15_49;;10694;1960;None;None;5058;735;M3H15_4;M3_VOLCANO_M3H15_49
M3_VOLCANO_M3H15_54;;11733;2160;None;None;5438;810;M3H15_5;M3_VOLCANO_M3H15_54
M3_VOLCANO_M3H15_59;;12788;2360;None;None;5820;885;M3H15_5;M3_VOLCANO_M3H15_59
M3_VOLCANO_M3H15_64;;13802;2560;None;None;6180;960;M3H15_6;M3_VOLCANO_M3H15_64
M3_VOLCANO_M3H15_69;;14781;2760;None;None;6522;1035;M3H15_6;M3_VOLCANO_M3H15_69
M3_VOLCANO_M3H15_74;;15728;2960;None;None;6849;1110;M3H15_7;M3_VOLCANO_M3H15_74
M3_VOLCANO_M3H15_79;;16671;3160;None;None;7173;1185;M3H15_7;M3_VOLCANO_M3H15_79
M3_VOLCANO_M3H15_84;;17566;3360;None;None;7475;1260;M3H15_8;M3_VOLCANO_M3H15_84
M3_VOLCANO_M3H15_89;;18461;3560;None;None;7777;1335;M3H15_8;M3_VOLCANO_M3H15_89
M3_VOLCANO_M3H15_94;;19335;3760;None;None;8070;1410;M3H15_9;M3_VOLCANO_M3H15_94
M3_VOLCANO_M3H15_99;;20191;3960;None;None;8355;1485;M3H15_9;M3_VOLCANO_M3H15_99
M3_VOLCANO_M3H7_33;;7080;1320;None;None;3653;495;M3H7_3;M3_VOLCANO_M3H7_33
M3_VOLCANO_M3H7_38;;8245;1520;None;None;4122;570;M3H7_3;M3_VOLCANO_M3H7_38
M3_VOLCANO_M3H7_43;;9348;1720;None;None;4548;645;M3H7_4;M3_VOLCANO_M3H7_43
M3_VOLCANO_M3H7_48;;10460;1920;None;None;4970;720;M3H7_4;M3_VOLCANO_M3H7_48
M3_VOLCANO_M3H7_53;;11522;2120;None;None;5361;795;M3H7_5;M3_VOLCANO_M3H7_53
M3_VOLCANO_M3H7_58;;12568;2320;None;None;5740;870;M3H7_5;M3_VOLCANO_M3H7_58
M3_VOLCANO_M3H7_63;;13601;2520;None;None;6109;945;M3H7_6;M3_VOLCANO_M3H7_63
M3_VOLCANO_M3H7_68;;14571;2720;None;None;6448;1020;M3H7_6;M3_VOLCANO_M3H7_68
M3_VOLCANO_M3H7_73;;15535;2920;None;None;6782;1095;M3H7_7;M3_VOLCANO_M3H7_73
M3_VOLCANO_M3H7_78;;16470;3120;None;None;7103;1170;M3H7_7;M3_VOLCANO_M3H7_78
M3_VOLCANO_M3H7_83;;17402;3320;None;None;7421;1245;M3H7_8;M3_VOLCANO_M3H7_83
M3_VOLCANO_M3H7_88;;18287;3520;None;None;7719;1320;M3H7_8;M3_VOLCANO_M3H7_88
M3_VOLCANO_M3H7_93;;19153;3720;None;None;8008;1395;M3H7_9;M3_VOLCANO_M3H7_93
M3_VOLCANO_M3H7_98;;20020;3920;None;None;8299;1470;M3H7_9;M3_VOLCANO_M3H7_98
M3_VOLCANO_M3H16_42;;9150;1680;None;None;4475;630;M3H16_4;M3_VOLCANO_M3H16_42
M3_VOLCANO_M3H16_47;;10253;1880;None;None;4893;705;M3H16_4;M3_VOLCANO_M3H16_47
M3_VOLCANO_M3H16_52;;11306;2080;None;None;5281;780;M3H16_5;M3_VOLCANO_M3H16_52
M3_VOLCANO_M3H16_57;;12373;2280;None;None;5671;855;M3H16_5;M3_VOLCANO_M3H16_57
M3_VOLCANO_M3H16_62;;13397;2480;None;None;6037;930;M3H16_6;M3_VOLCANO_M3H16_62
M3_VOLCANO_M3H16_67;;14384;2680;None;None;6383;1005;M3H16_6;M3_VOLCANO_M3H16_67
M3_VOLCANO_M3H16_72;;15338;2880;None;None;6714;1080;M3H16_7;M3_VOLCANO_M3H16_72
M3_VOLCANO_M3H16_77;;16289;3080;None;None;7041;1155;M3H16_7;M3_VOLCANO_M3H16_77
M3_VOLCANO_M3H16_82;;17212;3280;None;None;7356;1230;M3H16_8;M3_VOLCANO_M3H16_82
M3_VOLCANO_M3H16_87;;18111;3480;None;None;7660;1305;M3H16_8;M3_VOLCANO_M3H16_87
M3_VOLCANO_M3H16_92;;18989;3680;None;None;7954;1380;M3H16_9;M3_VOLCANO_M3H16_92
M3_VOLCANO_M3H16_97;;19847;3880;None;None;8241;1455;M3H16_9;M3_VOLCANO_M3H16_97
M3_VOLCANO_M3H13_51;;11116;2040;None;None;5214;765;M3H13_5;M3_VOLCANO_M3H13_51
M3_VOLCANO_M3H13_56;;12173;2240;None;None;5600;840;M3H13_5;M3_VOLCANO_M3H13_56
M3_VOLCANO_M3H13_61;;13188;2440;None;None;5962;915;M3H13_6;M3_VOLCANO_M3H13_61
M3_VOLCANO_M3H13_66;;14193;2640;None;None;6317;990;M3H13_6;M3_VOLCANO_M3H13_66
M3_VOLCANO_M3H13_71;;15164;2840;None;None;6655;1065;M3H13_7;M3_VOLCANO_M3H13_71
M3_VOLCANO_M3H13_76;;16105;3040;None;None;6978;1140;M3H13_7;M3_VOLCANO_M3H13_76
M3_VOLCANO_M3H13_81;;17042;3240;None;None;7300;1215;M3H13_8;M3_VOLCANO_M3H13_81
M3_VOLCANO_M3H13_86;;17932;3440;None;None;7600;1290;M3H13_8;M3_VOLCANO_M3H13_86
M3_VOLCANO_M3H13_91;;18823;3640;None;None;7900;1365;M3H13_9;M3_VOLCANO_M3H13_91
M3_VOLCANO_M3H13_96;;19672;3840;None;None;8182;1440;M3H13_9;M3_VOLCANO_M3H13_96
M3_VOLCANO_M3H20_60;;12976;2400;None;None;5886;900;M3H20_6;M3_VOLCANO_M3H20_60
M3_VOLCANO_M3H20_65;;14000;2600;None;None;6250;975;M3H20_6;M3_VOLCANO_M3H20_65
M3_VOLCANO_M3H20_70;;14961;2800;None;None;6584;1050;M3H20_7;M3_VOLCANO_M3H20_70
M3_VOLCANO_M3H20_75;;15918;3000;None;None;6914;1125;M3H20_7;M3_VOLCANO_M3H20_75
M3_VOLCANO_M3H20_80;;16847;3200;None;None;7232;1200;M3H20_8;M3_VOLCANO_M3H20_80
M3_VOLCANO_M3H20_85;;17750;3400;None;None;7538;1275;M3H20_8;M3_VOLCANO_M3H20_85
M3_VOLCANO_M3H20_90;;18632;3600;None;None;7834;1350;M3H20_9;M3_VOLCANO_M3H20_90
M3_VOLCANO_M3H20_95;;19494;3800;None;None;8122;1425;M3H20_9;M3_VOLCANO_M3H20_95
M3_VOLCANO_EARTHBREAKER_10;;1669;100;M3R3224;None;1103;100;;M3_VOLCANO_EARTHBREAKER_10
M3_VOLCANO_EARTHBREAKER_30;;6387;200;M3R3224;None;3367;200;;M3_VOLCANO_EARTHBREAKER_30
M3_VOLCANO_EARTHBREAKER_50;;10892;300;M3R3224;None;5130;300;;M3_VOLCANO_EARTHBREAKER_50
M3_VOLCANO_EARTHBREAKER_70;;14961;400;M3R3224;None;6584;400;;M3_VOLCANO_EARTHBREAKER_70
M3_VOLCANO_EARTHBREAKER_90;;18632;500;M3R3224;None;7834;500;;M3_VOLCANO_EARTHBREAKER_90
M3_VOLCANO_FIREFLY_13;;2330;100;M3R3223;None;1468;100;;M3_VOLCANO_FIREFLY_13
M3_VOLCANO_FIREFLY_33;;7080;200;M3R3223;None;3653;200;;M3_VOLCANO_FIREFLY_33
M3_VOLCANO_FIREFLY_53;;11522;300;M3R3223;None;5361;300;;M3_VOLCANO_FIREFLY_53
M3_VOLCANO_FIREFLY_73;;15535;400;M3R3223;None;6782;400;;M3_VOLCANO_FIREFLY_73
M3_VOLCANO_FIREFLY_93;;19153;500;M3R3223;None;8008;500;;M3_VOLCANO_FIREFLY_93
M3_VOLCANO_GLOWPIN_HEDGEHOG_16;;3070;100;M3R3221;None;1857;100;;M3_VOLCANO_GLOWPIN_HEDGEHOG_16
M3_VOLCANO_GLOWPIN_HEDGEHOG_36;;7796;200;M3R3221;None;3945;200;;M3_VOLCANO_GLOWPIN_HEDGEHOG_36
M3_VOLCANO_GLOWPIN_HEDGEHOG_56;;12173;300;M3R3221;None;5600;300;;M3_VOLCANO_GLOWPIN_HEDGEHOG_56
M3_VOLCANO_GLOWPIN_HEDGEHOG_76;;16105;400;M3R3221;None;6978;400;;M3_VOLCANO_GLOWPIN_HEDGEHOG_76
M3_VOLCANO_GLOWPIN_HEDGEHOG_96;;19672;500;M3R3221;None;8182;500;;M3_VOLCANO_GLOWPIN_HEDGEHOG_96
M3_VOLCANO_FLAMEBAT_19;;3744;100;M3R3222;None;2184;100;;M3_VOLCANO_FLAMEBAT_19
M3_VOLCANO_FLAMEBAT_39;;8462;200;M3R3222;None;4206;200;;M3_VOLCANO_FLAMEBAT_39
M3_VOLCANO_FLAMEBAT_59;;12788;300;M3R3222;None;5820;300;;M3_VOLCANO_FLAMEBAT_59
M3_VOLCANO_FLAMEBAT_79;;16671;400;M3R3222;None;7173;400;;M3_VOLCANO_FLAMEBAT_79
M3_VOLCANO_FLAMEBAT_99;;20191;500;M3R3222;None;8355;500;;M3_VOLCANO_FLAMEBAT_99
M3_VOLCANO_FLAREA_22;;4489;500;M3R3302;None;2536;250;M3_VOLCANO_FLAREA_22;M3_VOLCANO_FLAREA_22
M3_VOLCANO_FLAREA_41;;8915;1000;M3R3302;None;4383;500;M3_VOLCANO_FLAREA_41;M3_VOLCANO_FLAREA_41
M3_VOLCANO_FLAREA_60;;12976;1500;M3R3302;None;5886;750;M3_VOLCANO_FLAREA_60;M3_VOLCANO_FLAREA_60
M3_VOLCANO_FLAREA_81;;17042;2000;M3R3302;None;7300;1000;M3_VOLCANO_FLAREA_81;M3_VOLCANO_FLAREA_81
M3_VOLCANO_FLAREA_97;;19847;2500;M3R3302;None;8241;1250;M3_VOLCANO_FLAREA_97;M3_VOLCANO_FLAREA_97
M3C_BONUS_ROOM_VAPYRO_RANDOM;M3C_BONUS_ROOM_VAPYRO;0;0;None;None;0;0;M3C_BONUS_ROOM_VAPYRO;M3C_BONUS_ROOM_VAPYRO_RANDOM
M3C_BONUS_ROOM_RATHOS_RANDOM;M3C_BONUS_ROOM_RATHOS;0;0;None;None;0;0;M3C_BONUS_ROOM_RATHOS;M3C_BONUS_ROOM_RATHOS_RANDOM
M3_VOLCANO_STEAMGINEER_1;;123;75;M3R3111;None;100;70;M3_VOLCANO_STEAMGINEER_1;M3_VOLCANO_STEAMGINEER_1
M3_VOLCANO_MARKED_GRIFTER_3;;356;100;M3R3113;None;272;80;M3_VOLCANO_MARKED_GRIFTER_3;M3_VOLCANO_MARKED_GRIFTER_3
M3_VOLCANO_CRYSTAL_CANNONEER_5;;685;85;M3R3114;M3R3208;499;72;M3_VOLCANO_CRYSTAL_CANNONEER_5;M3_VOLCANO_CRYSTAL_CANNONEER_5
M3_VOLCANO_VATVERI_VINTNER_7;;1045;75;M3R3115;M3R3118;730;75;M3_VOLCANO_VATVERI_VINTNER_7;M3_VOLCANO_VATVERI_VINTNER_7
M3_VOLCANO_RATHOS_SECONDBORN_9;;1486;143;M3R3141;M3R3209;1000;138;M3_VOLCANO_RATHOS_SECONDBORN_9;M3_VOLCANO_RATHOS_SECONDBORN_9
M3_VOLCANO_LAWALRUS_WRANGLER_11;;1897;160;M3R3212;M3R4205;1233;140;M3_VOLCANO_LAWALRUS_WRANGLER_11;M3_VOLCANO_LAWALRUS_WRANGLER_11
M3_VOLCANO_SOLAREFA_STEAM_ORGANIST_13;;2330;150;M3R3213;None;1468;100;M3_VOLCANO_SOLAREFA_STEAM_ORGANIST_13;M3_VOLCANO_SOLAREFA_STEAM_ORGANIST_13
M3_VOLCANO_AUKAI_STEAMSHIP_CAPTAIN_15;;2832;160;M3R3214;M3R4204;1735;140;M3_VOLCANO_AUKAI_STEAMSHIP_CAPTAIN_15;M3_VOLCANO_AUKAI_STEAMSHIP_CAPTAIN_15
M3_VOLCANO_MAKANI_STEAMGLIDER_17;;3302;197;M3R3311;M3R3204;1972;179;M3_VOLCANO_MAKANI_STEAMGLIDER_17;M3_VOLCANO_MAKANI_STEAMGLIDER_17
M3_VOLCANO_SANYI_OF_THE_IRONSPITTER_19;;3744;300;M3R3314;M3R3107;2184;250;M3_VOLCANO_SANYI_OF_THE_IRONSPITTER_19;M3_VOLCANO_SANYI_OF_THE_IRONSPITTER_19
M3_VOLCANO_STEAMGINEER_21;;4248;150;M3R3111;None;2425;140;M3_VOLCANO_STEAMGINEER_21;M3_VOLCANO_STEAMGINEER_21
M3_VOLCANO_MARKED_GRIFTER_23;;4723;200;M3R3113;None;2642;160;M3_VOLCANO_MARKED_GRIFTER_23;M3_VOLCANO_MARKED_GRIFTER_23
M3_VOLCANO_CRYSTAL_CANNONEER_25;;5213;170;M3R3114;M3R3208;2863;144;M3_VOLCANO_CRYSTAL_CANNONEER_25;M3_VOLCANO_CRYSTAL_CANNONEER_25
M3_VOLCANO_VATVERI_VINTNER_27;;5677;150;M3R3115;M3R3118;3065;150;M3_VOLCANO_VATVERI_VINTNER_27;M3_VOLCANO_VATVERI_VINTNER_27
M3_VOLCANO_RATHOS_SECONDBORN_29;;6156;206;M3R3141;M3R3209;3270;199;M3_VOLCANO_RATHOS_SECONDBORN_29;M3_VOLCANO_RATHOS_SECONDBORN_29
M3_VOLCANO_LAWALRUS_WRANGLER_31;;6611;240;M3R3212;M3R4205;3460;210;M3_VOLCANO_LAWALRUS_WRANGLER_31;M3_VOLCANO_LAWALRUS_WRANGLER_31
M3_VOLCANO_SOLAREFA_STEAM_ORGANIST_33;;7080;250;M3R3213;None;3653;200;M3_VOLCANO_SOLAREFA_STEAM_ORGANIST_33;M3_VOLCANO_SOLAREFA_STEAM_ORGANIST_33
M3_VOLCANO_AUKAI_STEAMSHIP_CAPTAIN_35;;7563;240;M3R3214;M3R4204;3851;210;M3_VOLCANO_AUKAI_STEAMSHIP_CAPTAIN_35;M3_VOLCANO_AUKAI_STEAMSHIP_CAPTAIN_35
M3_VOLCANO_MAKANI_STEAMGLIDER_37;;8023;284;M3R3311;M3R3204;4035;258;M3_VOLCANO_MAKANI_STEAMGLIDER_37;M3_VOLCANO_MAKANI_STEAMGLIDER_37
M3_VOLCANO_SANYI_OF_THE_IRONSPITTER_39;;8462;450;M3R3314;M3R3107;4206;380;M3_VOLCANO_SANYI_OF_THE_IRONSPITTER_39;M3_VOLCANO_SANYI_OF_THE_IRONSPITTER_39
M3_VOLCANO_STEAMGINEER_41;;8915;225;M3R3111;None;4383;210;M3_VOLCANO_STEAMGINEER_41;M3_VOLCANO_STEAMGINEER_41
M3_VOLCANO_MARKED_GRIFTER_43;;9348;300;M3R3113;None;4548;240;M3_VOLCANO_MARKED_GRIFTER_43;M3_VOLCANO_MARKED_GRIFTER_43
M3_VOLCANO_CRYSTAL_CANNONEER_45;;9794;255;M3R3114;M3R3208;4718;216;M3_VOLCANO_CRYSTAL_CANNONEER_45;M3_VOLCANO_CRYSTAL_CANNONEER_45
M3_VOLCANO_VATVERI_VINTNER_47;;10253;225;M3R3115;M3R3118;4893;225;M3_VOLCANO_VATVERI_VINTNER_47;M3_VOLCANO_VATVERI_VINTNER_47
M3_VOLCANO_RATHOS_SECONDBORN_49;;10694;269;M3R3141;M3R3209;5058;260;M3_VOLCANO_RATHOS_SECONDBORN_49;M3_VOLCANO_RATHOS_SECONDBORN_49
M3_VOLCANO_LAWALRUS_WRANGLER_51;;11116;320;M3R3212;M3R4205;5214;280;M3_VOLCANO_LAWALRUS_WRANGLER_51;M3_VOLCANO_LAWALRUS_WRANGLER_51
M3_VOLCANO_SOLAREFA_STEAM_ORGANIST_53;;11522;350;M3R3213;None;5361;300;M3_VOLCANO_SOLAREFA_STEAM_ORGANIST_53;M3_VOLCANO_SOLAREFA_STEAM_ORGANIST_53
M3_VOLCANO_AUKAI_STEAMSHIP_CAPTAIN_55;;11941;320;M3R3214;M3R4204;5513;280;M3_VOLCANO_AUKAI_STEAMSHIP_CAPTAIN_55;M3_VOLCANO_AUKAI_STEAMSHIP_CAPTAIN_55
M3_VOLCANO_MAKANI_STEAMGLIDER_57;;12373;371;M3R3311;M3R3204;5671;337;M3_VOLCANO_MAKANI_STEAMGLIDER_57;M3_VOLCANO_MAKANI_STEAMGLIDER_57
M3_VOLCANO_SANYI_OF_THE_IRONSPITTER_59;;12788;600;M3R3314;M3R3107;5820;510;M3_VOLCANO_SANYI_OF_THE_IRONSPITTER_59;M3_VOLCANO_SANYI_OF_THE_IRONSPITTER_59
M3_VOLCANO_STEAMGINEER_61;;13188;300;M3R3111;None;5962;280;M3_VOLCANO_STEAMGINEER_61;M3_VOLCANO_STEAMGINEER_61
M3_VOLCANO_MARKED_GRIFTER_63;;13601;400;M3R3113;None;6109;320;M3_VOLCANO_MARKED_GRIFTER_63;M3_VOLCANO_MARKED_GRIFTER_63
M3_VOLCANO_CRYSTAL_CANNONEER_65;;14000;340;M3R3114;M3R3208;6250;288;M3_VOLCANO_CRYSTAL_CANNONEER_65;M3_VOLCANO_CRYSTAL_CANNONEER_65
M3_VOLCANO_VATVERI_VINTNER_67;;14384;300;M3R3115;M3R3118;6383;300;M3_VOLCANO_VATVERI_VINTNER_67;M3_VOLCANO_VATVERI_VINTNER_67
M3_VOLCANO_RATHOS_SECONDBORN_69;;14781;332;M3R3141;M3R3209;6522;321;M3_VOLCANO_RATHOS_SECONDBORN_69;M3_VOLCANO_RATHOS_SECONDBORN_69
M3_VOLCANO_LAWALRUS_WRANGLER_71;;15164;400;M3R3212;M3R4205;6655;350;M3_VOLCANO_LAWALRUS_WRANGLER_71;M3_VOLCANO_LAWALRUS_WRANGLER_71
M3_VOLCANO_SOLAREFA_STEAM_ORGANIST_73;;15535;450;M3R3213;None;6782;400;M3_VOLCANO_SOLAREFA_STEAM_ORGANIST_73;M3_VOLCANO_SOLAREFA_STEAM_ORGANIST_73
M3_VOLCANO_AUKAI_STEAMSHIP_CAPTAIN_75;;15918;400;M3R3214;M3R4204;6914;350;M3_VOLCANO_AUKAI_STEAMSHIP_CAPTAIN_75;M3_VOLCANO_AUKAI_STEAMSHIP_CAPTAIN_75
M3_VOLCANO_MAKANI_STEAMGLIDER_77;;16289;458;M3R3311;M3R3204;7041;416;M3_VOLCANO_MAKANI_STEAMGLIDER_77;M3_VOLCANO_MAKANI_STEAMGLIDER_77
M3_VOLCANO_SANYI_OF_THE_IRONSPITTER_79;;16671;750;M3R3314;M3R3107;7173;640;M3_VOLCANO_SANYI_OF_THE_IRONSPITTER_79;M3_VOLCANO_SANYI_OF_THE_IRONSPITTER_79
M3_VOLCANO_STEAMGINEER_81;;17042;375;M3R3111;None;7300;350;M3_VOLCANO_STEAMGINEER_81;M3_VOLCANO_STEAMGINEER_81
M3_VOLCANO_MARKED_GRIFTER_83;;17402;500;M3R3113;None;7421;400;M3_VOLCANO_MARKED_GRIFTER_83;M3_VOLCANO_MARKED_GRIFTER_83
M3_VOLCANO_CRYSTAL_CANNONEER_85;;17750;425;M3R3114;M3R3208;7538;360;M3_VOLCANO_CRYSTAL_CANNONEER_85;M3_VOLCANO_CRYSTAL_CANNONEER_85
M3_VOLCANO_VATVERI_VINTNER_87;;18111;375;M3R3115;M3R3118;7660;375;M3_VOLCANO_VATVERI_VINTNER_87;M3_VOLCANO_VATVERI_VINTNER_87
M3_VOLCANO_RATHOS_SECONDBORN_89;;18461;395;M3R3141;M3R3209;7777;382;M3_VOLCANO_RATHOS_SECONDBORN_89;M3_VOLCANO_RATHOS_SECONDBORN_89
M3_VOLCANO_LAWALRUS_WRANGLER_91;;18823;480;M3R3212;M3R4205;7900;420;M3_VOLCANO_LAWALRUS_WRANGLER_91;M3_VOLCANO_LAWALRUS_WRANGLER_91
M3_VOLCANO_SOLAREFA_STEAM_ORGANIST_93;;19153;550;M3R3213;None;8008;500;M3_VOLCANO_SOLAREFA_STEAM_ORGANIST_93;M3_VOLCANO_SOLAREFA_STEAM_ORGANIST_93
M3_VOLCANO_AUKAI_STEAMSHIP_CAPTAIN_95;;19494;480;M3R3214;M3R4204;8122;420;M3_VOLCANO_AUKAI_STEAMSHIP_CAPTAIN_95;M3_VOLCANO_AUKAI_STEAMSHIP_CAPTAIN_95
M3_VOLCANO_MAKANI_STEAMGLIDER_97;;19847;545;M3R3311;M3R3204;8241;495;M3_VOLCANO_MAKANI_STEAMGLIDER_97;M3_VOLCANO_MAKANI_STEAMGLIDER_97
M3_VOLCANO_SANYI_OF_THE_IRONSPITTER_99;;20191;900;M3R3314;M3R3107;8355;770;M3_VOLCANO_SANYI_OF_THE_IRONSPITTER_99;M3_VOLCANO_SANYI_OF_THE_IRONSPITTER_99
M3_VOLCANO_LIVING_FLAME_1;;181;200;None;None;142;50;M3_VOLCANO_LIVING_FLAME_1;M3_VOLCANO_LIVING_FLAME_1
M3_VOLCANO_FLAMESHEEP_2;;181;250;M3R3104;None;142;50;M3_VOLCANO_FLAMESHEEP_2;M3_VOLCANO_FLAMESHEEP_2
M3_VOLCANO_SALAMANDER_3;;356;300;M3R3106;None;272;50;M3_VOLCANO_SALAMANDER_3;M3_VOLCANO_SALAMANDER_3
M3_VOLCANO_OBSIDIAN_CRAB_4;;524;300;M3R3103;None;391;100;M3_VOLCANO_OBSIDIAN_CRAB_4;M3_VOLCANO_OBSIDIAN_CRAB_4
M3_VOLCANO_AGANJU_90;;37264;3000;M3R3403;M3R3310;15668;3000;M3_VOLCANO_AGANJU_90;M3_VOLCANO_AGANJU_90
M3_VOLCANO_SURTR_99;;60573;5000;M3R3401;None;25065;5000;M3_VOLCANO_SURTR_99;M3_VOLCANO_SURTR_99
M3_SHIP_M3H4_5;;685;200;None;None;499;75;M3H4_0;M3_SHIP_M3H4_5
M3_SHIP_M3H4_10;;1669;400;None;None;1103;150;M3H4_1;M3_SHIP_M3H4_10
M3_SHIP_M3H4_15;;2832;600;None;None;1735;225;M3H4_1;M3_SHIP_M3H4_15
M3_SHIP_M3H4_20;;4000;800;None;None;2307;300;M3H4_2;M3_SHIP_M3H4_20
M3_SHIP_M3H4_25;;5213;1000;None;None;2863;375;M3H4_2;M3_SHIP_M3H4_25
M3_SHIP_M3H4_30;;6387;1200;None;None;3367;450;M3H4_3;M3_SHIP_M3H4_30
M3_SHIP_M3H4_35;;7563;1400;None;None;3851;525;M3H4_3;M3_SHIP_M3H4_35
M3_SHIP_M3H4_40;;8674;1600;None;None;4288;600;M3H4_4;M3_SHIP_M3H4_40
M3_SHIP_M3H4_45;;9794;1800;None;None;4718;675;M3H4_4;M3_SHIP_M3H4_45
M3_SHIP_M3H4_50;;10892;2000;None;None;5130;750;M3H4_5;M3_SHIP_M3H4_50
M3_SHIP_M3H4_55;;11941;2200;None;None;5513;825;M3H4_5;M3_SHIP_M3H4_55
M3_SHIP_M3H4_60;;12976;2400;None;None;5886;900;M3H4_6;M3_SHIP_M3H4_60
M3_SHIP_M3H4_65;;14000;2600;None;None;6250;975;M3H4_6;M3_SHIP_M3H4_65
M3_SHIP_M3H4_70;;14961;2800;None;None;6584;1050;M3H4_7;M3_SHIP_M3H4_70
M3_SHIP_M3H4_75;;15918;3000;None;None;6914;1125;M3H4_7;M3_SHIP_M3H4_75
M3_SHIP_M3H4_80;;16847;3200;None;None;7232;1200;M3H4_8;M3_SHIP_M3H4_80
M3_SHIP_M3H4_85;;17750;3400;None;None;7538;1275;M3H4_8;M3_SHIP_M3H4_85
M3_SHIP_M3H4_90;;18632;3600;None;None;7834;1350;M3H4_9;M3_SHIP_M3H4_90
M3_SHIP_M3H4_95;;19494;3800;None;None;8122;1425;M3H4_9;M3_SHIP_M3H4_95
M3_SHIP_M3H8_24;;4951;960;None;None;2744;360;M3H8_2;M3_SHIP_M3H8_24
M3_SHIP_M3H8_29;;6156;1160;None;None;3270;435;M3H8_2;M3_SHIP_M3H8_29
M3_SHIP_M3H8_34;;7325;1360;None;None;3754;510;M3H8_3;M3_SHIP_M3H8_34
M3_SHIP_M3H8_39;;8462;1560;None;None;4206;585;M3H8_3;M3_SHIP_M3H8_39
M3_SHIP_M3H8_44;;9573;1760;None;None;4634;660;M3H8_4;M3_SHIP_M3H8_44
M3_SHIP_M3H8_49;;10694;1960;None;None;5058;735;M3H8_4;M3_SHIP_M3H8_49
M3_SHIP_M3H8_54;;11733;2160;None;None;5438;810;M3H8_5;M3_SHIP_M3H8_54
M3_SHIP_M3H8_59;;12788;2360;None;None;5820;885;M3H8_5;M3_SHIP_M3H8_59
M3_SHIP_M3H8_64;;13802;2560;None;None;6180;960;M3H8_6;M3_SHIP_M3H8_64
M3_SHIP_M3H8_69;;14781;2760;None;None;6522;1035;M3H8_6;M3_SHIP_M3H8_69
M3_SHIP_M3H8_74;;15728;2960;None;None;6849;1110;M3H8_7;M3_SHIP_M3H8_74
M3_SHIP_M3H8_79;;16671;3160;None;None;7173;1185;M3H8_7;M3_SHIP_M3H8_79
M3_SHIP_M3H8_84;;17566;3360;None;None;7475;1260;M3H8_8;M3_SHIP_M3H8_84
M3_SHIP_M3H8_89;;18461;3560;None;None;7777;1335;M3H8_8;M3_SHIP_M3H8_89
M3_SHIP_M3H8_94;;19335;3760;None;None;8070;1410;M3H8_9;M3_SHIP_M3H8_94
M3_SHIP_M3H8_99;;20191;3960;None;None;8355;1485;M3H8_9;M3_SHIP_M3H8_99
M3_SHIP_M3H14_33;;7080;1320;None;None;3653;495;M3H14_3;M3_SHIP_M3H14_33
M3_SHIP_M3H14_38;;8245;1520;None;None;4122;570;M3H14_3;M3_SHIP_M3H14_38
M3_SHIP_M3H14_43;;9348;1720;None;None;4548;645;M3H14_4;M3_SHIP_M3H14_43
M3_SHIP_M3H14_48;;10460;1920;None;None;4970;720;M3H14_4;M3_SHIP_M3H14_48
M3_SHIP_M3H14_53;;11522;2120;None;None;5361;795;M3H14_5;M3_SHIP_M3H14_53
M3_SHIP_M3H14_58;;12568;2320;None;None;5740;870;M3H14_5;M3_SHIP_M3H14_58
M3_SHIP_M3H14_63;;13601;2520;None;None;6109;945;M3H14_6;M3_SHIP_M3H14_63
M3_SHIP_M3H14_68;;14571;2720;None;None;6448;1020;M3H14_6;M3_SHIP_M3H14_68
M3_SHIP_M3H14_73;;15535;2920;None;None;6782;1095;M3H14_7;M3_SHIP_M3H14_73
M3_SHIP_M3H14_78;;16470;3120;None;None;7103;1170;M3H14_7;M3_SHIP_M3H14_78
M3_SHIP_M3H14_83;;17402;3320;None;None;7421;1245;M3H14_8;M3_SHIP_M3H14_83
M3_SHIP_M3H14_88;;18287;3520;None;None;7719;1320;M3H14_8;M3_SHIP_M3H14_88
M3_SHIP_M3H14_93;;19153;3720;None;None;8008;1395;M3H14_9;M3_SHIP_M3H14_93
M3_SHIP_M3H14_98;;20020;3920;None;None;8299;1470;M3H14_9;M3_SHIP_M3H14_98
M3_SHIP_M3H18_42;;9150;1680;None;None;4475;630;M3H18_4;M3_SHIP_M3H18_42
M3_SHIP_M3H18_47;;10253;1880;None;None;4893;705;M3H18_4;M3_SHIP_M3H18_47
M3_SHIP_M3H18_52;;11306;2080;None;None;5281;780;M3H18_5;M3_SHIP_M3H18_52
M3_SHIP_M3H18_57;;12373;2280;None;None;5671;855;M3H18_5;M3_SHIP_M3H18_57
M3_SHIP_M3H18_62;;13397;2480;None;None;6037;930;M3H18_6;M3_SHIP_M3H18_62
M3_SHIP_M3H18_67;;14384;2680;None;None;6383;1005;M3H18_6;M3_SHIP_M3H18_67
M3_SHIP_M3H18_72;;15338;2880;None;None;6714;1080;M3H18_7;M3_SHIP_M3H18_72
M3_SHIP_M3H18_77;;16289;3080;None;None;7041;1155;M3H18_7;M3_SHIP_M3H18_77
M3_SHIP_M3H18_82;;17212;3280;None;None;7356;1230;M3H18_8;M3_SHIP_M3H18_82
M3_SHIP_M3H18_87;;18111;3480;None;None;7660;1305;M3H18_8;M3_SHIP_M3H18_87
M3_SHIP_M3H18_92;;18989;3680;None;None;7954;1380;M3H18_9;M3_SHIP_M3H18_92
M3_SHIP_M3H18_97;;19847;3880;None;None;8241;1455;M3H18_9;M3_SHIP_M3H18_97
M3_SHIP_M3H17_51;;11116;2040;None;None;5214;765;M3H17_5;M3_SHIP_M3H17_51
M3_SHIP_M3H17_56;;12173;2240;None;None;5600;840;M3H17_5;M3_SHIP_M3H17_56
M3_SHIP_M3H17_61;;13188;2440;None;None;5962;915;M3H17_6;M3_SHIP_M3H17_61
M3_SHIP_M3H17_66;;14193;2640;None;None;6317;990;M3H17_6;M3_SHIP_M3H17_66
M3_SHIP_M3H17_71;;15164;2840;None;None;6655;1065;M3H17_7;M3_SHIP_M3H17_71
M3_SHIP_M3H17_76;;16105;3040;None;None;6978;1140;M3H17_7;M3_SHIP_M3H17_76
M3_SHIP_M3H17_81;;17042;3240;None;None;7300;1215;M3H17_8;M3_SHIP_M3H17_81
M3_SHIP_M3H17_86;;17932;3440;None;None;7600;1290;M3H17_8;M3_SHIP_M3H17_86
M3_SHIP_M3H17_91;;18823;3640;None;None;7900;1365;M3H17_9;M3_SHIP_M3H17_91
M3_SHIP_M3H17_96;;19672;3840;None;None;8182;1440;M3H17_9;M3_SHIP_M3H17_96
M3_SHIP_M3H20_60;;12976;2400;None;None;5886;900;M3H20_6;M3_SHIP_M3H20_60
M3_SHIP_M3H20_65;;14000;2600;None;None;6250;975;M3H20_6;M3_SHIP_M3H20_65
M3_SHIP_M3H20_70;;14961;2800;None;None;6584;1050;M3H20_7;M3_SHIP_M3H20_70
M3_SHIP_M3H20_75;;15918;3000;None;None;6914;1125;M3H20_7;M3_SHIP_M3H20_75
M3_SHIP_M3H20_80;;16847;3200;None;None;7232;1200;M3H20_8;M3_SHIP_M3H20_80
M3_SHIP_M3H20_85;;17750;3400;None;None;7538;1275;M3H20_8;M3_SHIP_M3H20_85
M3_SHIP_M3H20_90;;18632;3600;None;None;7834;1350;M3H20_9;M3_SHIP_M3H20_90
M3_SHIP_M3H20_95;;19494;3800;None;None;8122;1425;M3H20_9;M3_SHIP_M3H20_95
M3_SHIP_PLATYPUS_10;;1669;100;M3R4224;None;1103;100;;M3_SHIP_PLATYPUS_10
M3_SHIP_PLATYPUS_30;;6387;200;M3R4224;None;3367;200;;M3_SHIP_PLATYPUS_30
M3_SHIP_PLATYPUS_50;;10892;300;M3R4224;None;5130;300;;M3_SHIP_PLATYPUS_50
M3_SHIP_PLATYPUS_70;;14961;400;M3R4224;None;6584;400;;M3_SHIP_PLATYPUS_70
M3_SHIP_PLATYPUS_90;;18632;500;M3R4224;None;7834;500;;M3_SHIP_PLATYPUS_90
M3_SHIP_HORROR_FROM_THE_DEPTHS_13;;2330;100;M3R4222;None;1468;100;;M3_SHIP_HORROR_FROM_THE_DEPTHS_13
M3_SHIP_HORROR_FROM_THE_DEPTHS_33;;7080;200;M3R4222;None;3653;200;;M3_SHIP_HORROR_FROM_THE_DEPTHS_33
M3_SHIP_HORROR_FROM_THE_DEPTHS_53;;11522;300;M3R4222;None;5361;300;;M3_SHIP_HORROR_FROM_THE_DEPTHS_53
M3_SHIP_HORROR_FROM_THE_DEPTHS_73;;15535;400;M3R4222;None;6782;400;;M3_SHIP_HORROR_FROM_THE_DEPTHS_73
M3_SHIP_HORROR_FROM_THE_DEPTHS_93;;19153;500;M3R4222;None;8008;500;;M3_SHIP_HORROR_FROM_THE_DEPTHS_93
M3_SHIP_ARCSPEWER_EEL_16;;3070;100;M3R4223;None;1857;100;;M3_SHIP_ARCSPEWER_EEL_16
M3_SHIP_ARCSPEWER_EEL_36;;7796;200;M3R4223;None;3945;200;;M3_SHIP_ARCSPEWER_EEL_36
M3_SHIP_ARCSPEWER_EEL_56;;12173;300;M3R4223;None;5600;300;;M3_SHIP_ARCSPEWER_EEL_56
M3_SHIP_ARCSPEWER_EEL_76;;16105;400;M3R4223;None;6978;400;;M3_SHIP_ARCSPEWER_EEL_76
M3_SHIP_ARCSPEWER_EEL_96;;19672;500;M3R4223;None;8182;500;;M3_SHIP_ARCSPEWER_EEL_96
M3_SHIP_WALICORN_19;;3744;100;M3R4221;None;2184;100;;M3_SHIP_WALICORN_19
M3_SHIP_WALICORN_39;;8462;200;M3R4221;None;4206;200;;M3_SHIP_WALICORN_39
M3_SHIP_WALICORN_59;;12788;300;M3R4221;None;5820;300;;M3_SHIP_WALICORN_59
M3_SHIP_WALICORN_79;;16671;400;M3R4221;None;7173;400;;M3_SHIP_WALICORN_79
M3_SHIP_WALICORN_99;;20191;500;M3R4221;None;8355;500;;M3_SHIP_WALICORN_99
M3_SHIP_AQUARIA_22;;4489;500;M3R4302;None;2536;250;M3_SHIP_AQUARIA_22;M3_SHIP_AQUARIA_22
M3_SHIP_AQUARIA_41;;8915;1000;M3R4302;None;4383;500;M3_SHIP_AQUARIA_41;M3_SHIP_AQUARIA_41
M3_SHIP_AQUARIA_60;;12976;1500;M3R4302;None;5886;750;M3_SHIP_AQUARIA_60;M3_SHIP_AQUARIA_60
M3_SHIP_AQUARIA_81;;17042;2000;M3R4302;None;7300;1000;M3_SHIP_AQUARIA_81;M3_SHIP_AQUARIA_81
M3_SHIP_AQUARIA_97;;19847;2500;M3R4302;None;8241;1250;M3_SHIP_AQUARIA_97;M3_SHIP_AQUARIA_97
M3C_BONUS_ROOM_MERFOLK_RANDOM;M3C_BONUS_ROOM_MERFOLK;0;0;None;None;0;0;M3C_BONUS_ROOM_MERFOLK;M3C_BONUS_ROOM_MERFOLK_RANDOM
M3C_BONUS_ROOM_VANTU_RANDOM;M3C_BONUS_ROOM_VANTU;0;0;None;None;0;0;M3C_BONUS_ROOM_VANTU;M3C_BONUS_ROOM_VANTU_RANDOM
M3_SHIP_MERFOLK_HARPUNIST_1;;123;80;M3R4112;M3R4203;100;65;M3_SHIP_MERFOLK_HARPUNIST_1;M3_SHIP_MERFOLK_HARPUNIST_1
M3_SHIP_NETFISHER_3;;356;75;M3R4111;M3R4108;272;70;M3_SHIP_NETFISHER_3;M3_SHIP_NETFISHER_3
M3_SHIP_KELP_GARDENER_5;;685;120;M3R4114;None;499;105;M3_SHIP_KELP_GARDENER_5;M3_SHIP_KELP_GARDENER_5
M3_SHIP_CLIFFDIVER_7;;1045;100;M3R4142;None;730;80;M3_SHIP_CLIFFDIVER_7;M3_SHIP_CLIFFDIVER_7
M3_SHIP_PEARL_DIVER_9;;1486;180;M3R4211;M3R4104;1000;155;M3_SHIP_PEARL_DIVER_9;M3_SHIP_PEARL_DIVER_9
M3_SHIP_MYRIEL_OF_ICESEA_11;;1897;180;M3R4214;M3R4208;1233;160;M3_SHIP_MYRIEL_OF_ICESEA_11;M3_SHIP_MYRIEL_OF_ICESEA_11
M3_SHIP_STORMCHASER_13;;2330;130;M3R4215;M3R4309;1468;90;M3_SHIP_STORMCHASER_13;M3_SHIP_STORMCHASER_13
M3_SHIP_YOUNG_WANDER_15;;2832;150;M3R4146;M3R4204;1735;130;M3_SHIP_YOUNG_WANDER_15;M3_SHIP_YOUNG_WANDER_15
M3_SHIP_INKHAIR_17;;3302;200;M3R4314;M3R2106;1972;170;M3_SHIP_INKHAIR_17;M3_SHIP_INKHAIR_17
M3_SHIP_QUEEN_UNDINE_19;;3744;300;M3R4312;M3R4311;2184;250;M3_SHIP_QUEEN_UNDINE_19;M3_SHIP_QUEEN_UNDINE_19
M3_SHIP_MERFOLK_HARPUNIST_21;;4248;160;M3R4112;M3R4203;2425;130;M3_SHIP_MERFOLK_HARPUNIST_21;M3_SHIP_MERFOLK_HARPUNIST_21
M3_SHIP_NETFISHER_23;;4723;150;M3R4111;M3R4108;2642;140;M3_SHIP_NETFISHER_23;M3_SHIP_NETFISHER_23
M3_SHIP_KELP_GARDENER_25;;5213;180;M3R4114;None;2863;160;M3_SHIP_KELP_GARDENER_25;M3_SHIP_KELP_GARDENER_25
M3_SHIP_CLIFFDIVER_27;;5677;200;M3R4142;None;3065;160;M3_SHIP_CLIFFDIVER_27;M3_SHIP_CLIFFDIVER_27
M3_SHIP_PEARL_DIVER_29;;6156;270;M3R4211;M3R4104;3270;232;M3_SHIP_PEARL_DIVER_29;M3_SHIP_PEARL_DIVER_29
M3_SHIP_MYRIEL_OF_ICESEA_31;;6611;260;M3R4214;M3R4208;3460;240;M3_SHIP_MYRIEL_OF_ICESEA_31;M3_SHIP_MYRIEL_OF_ICESEA_31
M3_SHIP_STORMCHASER_33;;7080;210;M3R4215;M3R4309;3653;180;M3_SHIP_STORMCHASER_33;M3_SHIP_STORMCHASER_33
M3_SHIP_YOUNG_WANDER_35;;7563;220;M3R4146;M3R4204;3851;190;M3_SHIP_YOUNG_WANDER_35;M3_SHIP_YOUNG_WANDER_35
M3_SHIP_INKHAIR_37;;8023;300;M3R4314;M3R2106;4035;260;M3_SHIP_INKHAIR_37;M3_SHIP_INKHAIR_37
M3_SHIP_QUEEN_UNDINE_39;;8462;450;M3R4312;M3R4311;4206;380;M3_SHIP_QUEEN_UNDINE_39;M3_SHIP_QUEEN_UNDINE_39
M3_SHIP_MERFOLK_HARPUNIST_41;;8915;240;M3R4112;M3R4203;4383;195;M3_SHIP_MERFOLK_HARPUNIST_41;M3_SHIP_MERFOLK_HARPUNIST_41
M3_SHIP_NETFISHER_43;;9348;225;M3R4111;M3R4108;4548;210;M3_SHIP_NETFISHER_43;M3_SHIP_NETFISHER_43
M3_SHIP_KELP_GARDENER_45;;9794;240;M3R4114;None;4718;215;M3_SHIP_KELP_GARDENER_45;M3_SHIP_KELP_GARDENER_45
M3_SHIP_CLIFFDIVER_47;;10253;300;M3R4142;None;4893;240;M3_SHIP_CLIFFDIVER_47;M3_SHIP_CLIFFDIVER_47
M3_SHIP_PEARL_DIVER_49;;10694;360;M3R4211;M3R4104;5058;309;M3_SHIP_PEARL_DIVER_49;M3_SHIP_PEARL_DIVER_49
M3_SHIP_MYRIEL_OF_ICESEA_51;;11116;340;M3R4214;M3R4208;5214;320;M3_SHIP_MYRIEL_OF_ICESEA_51;M3_SHIP_MYRIEL_OF_ICESEA_51
M3_SHIP_STORMCHASER_53;;11522;290;M3R4215;M3R4309;5361;270;M3_SHIP_STORMCHASER_53;M3_SHIP_STORMCHASER_53
M3_SHIP_YOUNG_WANDER_55;;11941;290;M3R4146;M3R4204;5513;250;M3_SHIP_YOUNG_WANDER_55;M3_SHIP_YOUNG_WANDER_55
M3_SHIP_INKHAIR_57;;12373;400;M3R4314;M3R2106;5671;350;M3_SHIP_INKHAIR_57;M3_SHIP_INKHAIR_57
M3_SHIP_QUEEN_UNDINE_59;;12788;600;M3R4312;M3R4311;5820;510;M3_SHIP_QUEEN_UNDINE_59;M3_SHIP_QUEEN_UNDINE_59
M3_SHIP_MERFOLK_HARPUNIST_61;;13188;320;M3R4112;M3R4203;5962;260;M3_SHIP_MERFOLK_HARPUNIST_61;M3_SHIP_MERFOLK_HARPUNIST_61
M3_SHIP_NETFISHER_63;;13601;300;M3R4111;M3R4108;6109;280;M3_SHIP_NETFISHER_63;M3_SHIP_NETFISHER_63
M3_SHIP_KELP_GARDENER_65;;14000;300;M3R4114;None;6250;270;M3_SHIP_KELP_GARDENER_65;M3_SHIP_KELP_GARDENER_65
M3_SHIP_CLIFFDIVER_67;;14384;400;M3R4142;None;6383;320;M3_SHIP_CLIFFDIVER_67;M3_SHIP_CLIFFDIVER_67
M3_SHIP_PEARL_DIVER_69;;14781;450;M3R4211;M3R4104;6522;386;M3_SHIP_PEARL_DIVER_69;M3_SHIP_PEARL_DIVER_69
M3_SHIP_MYRIEL_OF_ICESEA_71;;15164;420;M3R4214;M3R4208;6655;400;M3_SHIP_MYRIEL_OF_ICESEA_71;M3_SHIP_MYRIEL_OF_ICESEA_71
M3_SHIP_STORMCHASER_73;;15535;370;M3R4215;M3R4309;6782;360;M3_SHIP_STORMCHASER_73;M3_SHIP_STORMCHASER_73
M3_SHIP_YOUNG_WANDER_75;;15918;360;M3R4146;M3R4204;6914;310;M3_SHIP_YOUNG_WANDER_75;M3_SHIP_YOUNG_WANDER_75
M3_SHIP_INKHAIR_77;;16289;500;M3R4314;M3R2106;7041;440;M3_SHIP_INKHAIR_77;M3_SHIP_INKHAIR_77
M3_SHIP_QUEEN_UNDINE_79;;16671;750;M3R4312;M3R4311;7173;640;M3_SHIP_QUEEN_UNDINE_79;M3_SHIP_QUEEN_UNDINE_79
M3_SHIP_MERFOLK_HARPUNIST_81;;17042;400;M3R4112;M3R4203;7300;325;M3_SHIP_MERFOLK_HARPUNIST_81;M3_SHIP_MERFOLK_HARPUNIST_81
M3_SHIP_NETFISHER_83;;17402;375;M3R4111;M3R4108;7421;350;M3_SHIP_NETFISHER_83;M3_SHIP_NETFISHER_83
M3_SHIP_KELP_GARDENER_85;;17750;360;M3R4114;None;7538;325;M3_SHIP_KELP_GARDENER_85;M3_SHIP_KELP_GARDENER_85
M3_SHIP_CLIFFDIVER_87;;18111;500;M3R4142;None;7660;400;M3_SHIP_CLIFFDIVER_87;M3_SHIP_CLIFFDIVER_87
M3_SHIP_PEARL_DIVER_89;;18461;540;M3R4211;M3R4104;7777;463;M3_SHIP_PEARL_DIVER_89;M3_SHIP_PEARL_DIVER_89
M3_SHIP_MYRIEL_OF_ICESEA_91;;18823;500;M3R4214;M3R4208;7900;480;M3_SHIP_MYRIEL_OF_ICESEA_91;M3_SHIP_MYRIEL_OF_ICESEA_91
M3_SHIP_STORMCHASER_93;;19153;450;M3R4215;M3R4309;8008;450;M3_SHIP_STORMCHASER_93;M3_SHIP_STORMCHASER_93
M3_SHIP_YOUNG_WANDER_95;;19494;430;M3R4146;M3R4204;8122;370;M3_SHIP_YOUNG_WANDER_95;M3_SHIP_YOUNG_WANDER_95
M3_SHIP_INKHAIR_97;;19847;600;M3R4314;M3R2106;8241;530;M3_SHIP_INKHAIR_97;M3_SHIP_INKHAIR_97
M3_SHIP_QUEEN_UNDINE_99;;20191;900;M3R4312;M3R4311;8355;770;M3_SHIP_QUEEN_UNDINE_99;M3_SHIP_QUEEN_UNDINE_99
M3_SHIP_FROG_1;;181;200;None;None;142;50;M3_SHIP_FROG_1;M3_SHIP_FROG_1
M3_SHIP_PEARL_OYSTER_2;;181;250;M3R4103;M3R4104;142;50;M3_SHIP_PEARL_OYSTER_2;M3_SHIP_PEARL_OYSTER_2
M3_SHIP_PINCER_CRAB_3;;356;300;M3R4106;None;272;50;M3_SHIP_PINCER_CRAB_3;M3_SHIP_PINCER_CRAB_3
M3_LAWALRUS_CUB_4;;524;300;M3R4205;None;391;100;M3_LAWALRUS_CUB_4;M3_LAWALRUS_CUB_4
M3_SHIP_AURELIA_90;;37264;3000;M3R4403;M3R7103;15668;3000;M3_SHIP_AURELIA_90;M3_SHIP_AURELIA_90
M3_SHIP_NEREUS_99;;60573;5000;M3R4401;None;25065;5000;M3_SHIP_NEREUS_99;M3_SHIP_NEREUS_99
M3_MOUNTAIN_M3H5_5;;685;200;None;None;499;75;M3H5_0;M3_MOUNTAIN_M3H5_5
M3_MOUNTAIN_M3H5_10;;1669;400;None;None;1103;150;M3H5_1;M3_MOUNTAIN_M3H5_10
M3_MOUNTAIN_M3H5_15;;2832;600;None;None;1735;225;M3H5_1;M3_MOUNTAIN_M3H5_15
M3_MOUNTAIN_M3H5_20;;4000;800;None;None;2307;300;M3H5_2;M3_MOUNTAIN_M3H5_20
M3_MOUNTAIN_M3H5_25;;5213;1000;None;None;2863;375;M3H5_2;M3_MOUNTAIN_M3H5_25
M3_MOUNTAIN_M3H5_30;;6387;1200;None;None;3367;450;M3H5_3;M3_MOUNTAIN_M3H5_30
M3_MOUNTAIN_M3H5_35;;7563;1400;None;None;3851;525;M3H5_3;M3_MOUNTAIN_M3H5_35
M3_MOUNTAIN_M3H5_40;;8674;1600;None;None;4288;600;M3H5_4;M3_MOUNTAIN_M3H5_40
M3_MOUNTAIN_M3H5_45;;9794;1800;None;None;4718;675;M3H5_4;M3_MOUNTAIN_M3H5_45
M3_MOUNTAIN_M3H5_50;;10892;2000;None;None;5130;750;M3H5_5;M3_MOUNTAIN_M3H5_50
M3_MOUNTAIN_M3H5_55;;11941;2200;None;None;5513;825;M3H5_5;M3_MOUNTAIN_M3H5_55
M3_MOUNTAIN_M3H5_60;;12976;2400;None;None;5886;900;M3H5_6;M3_MOUNTAIN_M3H5_60
M3_MOUNTAIN_M3H5_65;;14000;2600;None;None;6250;975;M3H5_6;M3_MOUNTAIN_M3H5_65
M3_MOUNTAIN_M3H5_70;;14961;2800;None;None;6584;1050;M3H5_7;M3_MOUNTAIN_M3H5_70
M3_MOUNTAIN_M3H5_75;;15918;3000;None;None;6914;1125;M3H5_7;M3_MOUNTAIN_M3H5_75
M3_MOUNTAIN_M3H5_80;;16847;3200;None;None;7232;1200;M3H5_8;M3_MOUNTAIN_M3H5_80
M3_MOUNTAIN_M3H5_85;;17750;3400;None;None;7538;1275;M3H5_8;M3_MOUNTAIN_M3H5_85
M3_MOUNTAIN_M3H5_90;;18632;3600;None;None;7834;1350;M3H5_9;M3_MOUNTAIN_M3H5_90
M3_MOUNTAIN_M3H5_95;;19494;3800;None;None;8122;1425;M3H5_9;M3_MOUNTAIN_M3H5_95
M3_MOUNTAIN_M3H11_24;;4951;960;None;None;2744;360;M3H11_2;M3_MOUNTAIN_M3H11_24
M3_MOUNTAIN_M3H11_29;;6156;1160;None;None;3270;435;M3H11_2;M3_MOUNTAIN_M3H11_29
M3_MOUNTAIN_M3H11_34;;7325;1360;None;None;3754;510;M3H11_3;M3_MOUNTAIN_M3H11_34
M3_MOUNTAIN_M3H11_39;;8462;1560;None;None;4206;585;M3H11_3;M3_MOUNTAIN_M3H11_39
M3_MOUNTAIN_M3H11_44;;9573;1760;None;None;4634;660;M3H11_4;M3_MOUNTAIN_M3H11_44
M3_MOUNTAIN_M3H11_49;;10694;1960;None;None;5058;735;M3H11_4;M3_MOUNTAIN_M3H11_49
M3_MOUNTAIN_M3H11_54;;11733;2160;None;None;5438;810;M3H11_5;M3_MOUNTAIN_M3H11_54
M3_MOUNTAIN_M3H11_59;;12788;2360;None;None;5820;885;M3H11_5;M3_MOUNTAIN_M3H11_59
M3_MOUNTAIN_M3H11_64;;13802;2560;None;None;6180;960;M3H11_6;M3_MOUNTAIN_M3H11_64
M3_MOUNTAIN_M3H11_69;;14781;2760;None;None;6522;1035;M3H11_6;M3_MOUNTAIN_M3H11_69
M3_MOUNTAIN_M3H11_74;;15728;2960;None;None;6849;1110;M3H11_7;M3_MOUNTAIN_M3H11_74
M3_MOUNTAIN_M3H11_79;;16671;3160;None;None;7173;1185;M3H11_7;M3_MOUNTAIN_M3H11_79
M3_MOUNTAIN_M3H11_84;;17566;3360;None;None;7475;1260;M3H11_8;M3_MOUNTAIN_M3H11_84
M3_MOUNTAIN_M3H11_89;;18461;3560;None;None;7777;1335;M3H11_8;M3_MOUNTAIN_M3H11_89
M3_MOUNTAIN_M3H11_94;;19335;3760;None;None;8070;1410;M3H11_9;M3_MOUNTAIN_M3H11_94
M3_MOUNTAIN_M3H11_99;;20191;3960;None;None;8355;1485;M3H11_9;M3_MOUNTAIN_M3H11_99
M3_MOUNTAIN_M3H17_33;;7080;1320;None;None;3653;495;M3H17_3;M3_MOUNTAIN_M3H17_33
M3_MOUNTAIN_M3H17_38;;8245;1520;None;None;4122;570;M3H17_3;M3_MOUNTAIN_M3H17_38
M3_MOUNTAIN_M3H17_43;;9348;1720;None;None;4548;645;M3H17_4;M3_MOUNTAIN_M3H17_43
M3_MOUNTAIN_M3H17_48;;10460;1920;None;None;4970;720;M3H17_4;M3_MOUNTAIN_M3H17_48
M3_MOUNTAIN_M3H17_53;;11522;2120;None;None;5361;795;M3H17_5;M3_MOUNTAIN_M3H17_53
M3_MOUNTAIN_M3H17_58;;12568;2320;None;None;5740;870;M3H17_5;M3_MOUNTAIN_M3H17_58
M3_MOUNTAIN_M3H17_63;;13601;2520;None;None;6109;945;M3H17_6;M3_MOUNTAIN_M3H17_63
M3_MOUNTAIN_M3H17_68;;14571;2720;None;None;6448;1020;M3H17_6;M3_MOUNTAIN_M3H17_68
M3_MOUNTAIN_M3H17_73;;15535;2920;None;None;6782;1095;M3H17_7;M3_MOUNTAIN_M3H17_73
M3_MOUNTAIN_M3H17_78;;16470;3120;None;None;7103;1170;M3H17_7;M3_MOUNTAIN_M3H17_78
M3_MOUNTAIN_M3H17_83;;17402;3320;None;None;7421;1245;M3H17_8;M3_MOUNTAIN_M3H17_83
M3_MOUNTAIN_M3H17_88;;18287;3520;None;None;7719;1320;M3H17_8;M3_MOUNTAIN_M3H17_88
M3_MOUNTAIN_M3H17_93;;19153;3720;None;None;8008;1395;M3H17_9;M3_MOUNTAIN_M3H17_93
M3_MOUNTAIN_M3H17_98;;20020;3920;None;None;8299;1470;M3H17_9;M3_MOUNTAIN_M3H17_98
M3_MOUNTAIN_M3H9_42;;9150;1680;None;None;4475;630;M3H9_4;M3_MOUNTAIN_M3H9_42
M3_MOUNTAIN_M3H9_47;;10253;1880;None;None;4893;705;M3H9_4;M3_MOUNTAIN_M3H9_47
M3_MOUNTAIN_M3H9_52;;11306;2080;None;None;5281;780;M3H9_5;M3_MOUNTAIN_M3H9_52
M3_MOUNTAIN_M3H9_57;;12373;2280;None;None;5671;855;M3H9_5;M3_MOUNTAIN_M3H9_57
M3_MOUNTAIN_M3H9_62;;13397;2480;None;None;6037;930;M3H9_6;M3_MOUNTAIN_M3H9_62
M3_MOUNTAIN_M3H9_67;;14384;2680;None;None;6383;1005;M3H9_6;M3_MOUNTAIN_M3H9_67
M3_MOUNTAIN_M3H9_72;;15338;2880;None;None;6714;1080;M3H9_7;M3_MOUNTAIN_M3H9_72
M3_MOUNTAIN_M3H9_77;;16289;3080;None;None;7041;1155;M3H9_7;M3_MOUNTAIN_M3H9_77
M3_MOUNTAIN_M3H9_82;;17212;3280;None;None;7356;1230;M3H9_8;M3_MOUNTAIN_M3H9_82
M3_MOUNTAIN_M3H9_87;;18111;3480;None;None;7660;1305;M3H9_8;M3_MOUNTAIN_M3H9_87
M3_MOUNTAIN_M3H9_92;;18989;3680;None;None;7954;1380;M3H9_9;M3_MOUNTAIN_M3H9_92
M3_MOUNTAIN_M3H9_97;;19847;3880;None;None;8241;1455;M3H9_9;M3_MOUNTAIN_M3H9_97
M3_MOUNTAIN_M3H15_51;;11116;2040;None;None;5214;765;M3H15_5;M3_MOUNTAIN_M3H15_51
M3_MOUNTAIN_M3H15_56;;12173;2240;None;None;5600;840;M3H15_5;M3_MOUNTAIN_M3H15_56
M3_MOUNTAIN_M3H15_61;;13188;2440;None;None;5962;915;M3H15_6;M3_MOUNTAIN_M3H15_61
M3_MOUNTAIN_M3H15_66;;14193;2640;None;None;6317;990;M3H15_6;M3_MOUNTAIN_M3H15_66
M3_MOUNTAIN_M3H15_71;;15164;2840;None;None;6655;1065;M3H15_7;M3_MOUNTAIN_M3H15_71
M3_MOUNTAIN_M3H15_76;;16105;3040;None;None;6978;1140;M3H15_7;M3_MOUNTAIN_M3H15_76
M3_MOUNTAIN_M3H15_81;;17042;3240;None;None;7300;1215;M3H15_8;M3_MOUNTAIN_M3H15_81
M3_MOUNTAIN_M3H15_86;;17932;3440;None;None;7600;1290;M3H15_8;M3_MOUNTAIN_M3H15_86
M3_MOUNTAIN_M3H15_91;;18823;3640;None;None;7900;1365;M3H15_9;M3_MOUNTAIN_M3H15_91
M3_MOUNTAIN_M3H15_96;;19672;3840;None;None;8182;1440;M3H15_9;M3_MOUNTAIN_M3H15_96
M3_MOUNTAIN_M3H21_60;;12976;2400;None;None;5886;900;M3H21_6;M3_MOUNTAIN_M3H21_60
M3_MOUNTAIN_M3H21_65;;14000;2600;None;None;6250;975;M3H21_6;M3_MOUNTAIN_M3H21_65
M3_MOUNTAIN_M3H21_70;;14961;2800;None;None;6584;1050;M3H21_7;M3_MOUNTAIN_M3H21_70
M3_MOUNTAIN_M3H21_75;;15918;3000;None;None;6914;1125;M3H21_7;M3_MOUNTAIN_M3H21_75
M3_MOUNTAIN_M3H21_80;;16847;3200;None;None;7232;1200;M3H21_8;M3_MOUNTAIN_M3H21_80
M3_MOUNTAIN_M3H21_85;;17750;3400;None;None;7538;1275;M3H21_8;M3_MOUNTAIN_M3H21_85
M3_MOUNTAIN_M3H21_90;;18632;3600;None;None;7834;1350;M3H21_9;M3_MOUNTAIN_M3H21_90
M3_MOUNTAIN_M3H21_95;;19494;3800;None;None;8122;1425;M3H21_9;M3_MOUNTAIN_M3H21_95
M3_MOUNTAIN_DAWNDANCER_FLY_10;;1669;100;M3R5221;None;1103;100;;M3_MOUNTAIN_DAWNDANCER_FLY_10
M3_MOUNTAIN_DAWNDANCER_FLY_30;;6387;200;M3R5221;None;3367;200;;M3_MOUNTAIN_DAWNDANCER_FLY_30
M3_MOUNTAIN_DAWNDANCER_FLY_50;;10892;300;M3R5221;None;5130;300;;M3_MOUNTAIN_DAWNDANCER_FLY_50
M3_MOUNTAIN_DAWNDANCER_FLY_70;;14961;400;M3R5221;None;6584;400;;M3_MOUNTAIN_DAWNDANCER_FLY_70
M3_MOUNTAIN_DAWNDANCER_FLY_90;;18632;500;M3R5221;None;7834;500;;M3_MOUNTAIN_DAWNDANCER_FLY_90
M3_MOUNTAIN_PELICAN_13;;2330;100;M3R5224;None;1468;100;;M3_MOUNTAIN_PELICAN_13
M3_MOUNTAIN_PELICAN_33;;7080;200;M3R5224;None;3653;200;;M3_MOUNTAIN_PELICAN_33
M3_MOUNTAIN_PELICAN_53;;11522;300;M3R5224;None;5361;300;;M3_MOUNTAIN_PELICAN_53
M3_MOUNTAIN_PELICAN_73;;15535;400;M3R5224;None;6782;400;;M3_MOUNTAIN_PELICAN_73
M3_MOUNTAIN_PELICAN_93;;19153;500;M3R5224;None;8008;500;;M3_MOUNTAIN_PELICAN_93
M3_MOUNTAIN_DUSKCHASER_MOTH_16;;3070;100;M3R5222;None;1857;100;;M3_MOUNTAIN_DUSKCHASER_MOTH_16
M3_MOUNTAIN_DUSKCHASER_MOTH_36;;7796;200;M3R5222;None;3945;200;;M3_MOUNTAIN_DUSKCHASER_MOTH_36
M3_MOUNTAIN_DUSKCHASER_MOTH_56;;12173;300;M3R5222;None;5600;300;;M3_MOUNTAIN_DUSKCHASER_MOTH_56
M3_MOUNTAIN_DUSKCHASER_MOTH_76;;16105;400;M3R5222;None;6978;400;;M3_MOUNTAIN_DUSKCHASER_MOTH_76
M3_MOUNTAIN_DUSKCHASER_MOTH_96;;19672;500;M3R5222;None;8182;500;;M3_MOUNTAIN_DUSKCHASER_MOTH_96
M3_MOUNTAIN_PHEENIX_19;;3744;100;M3R5223;None;2184;100;;M3_MOUNTAIN_PHEENIX_19
M3_MOUNTAIN_PHEENIX_39;;8462;200;M3R5223;None;4206;200;;M3_MOUNTAIN_PHEENIX_39
M3_MOUNTAIN_PHEENIX_59;;12788;300;M3R5223;None;5820;300;;M3_MOUNTAIN_PHEENIX_59
M3_MOUNTAIN_PHEENIX_79;;16671;400;M3R5223;None;7173;400;;M3_MOUNTAIN_PHEENIX_79
M3_MOUNTAIN_PHEENIX_99;;20191;500;M3R5223;None;8355;500;;M3_MOUNTAIN_PHEENIX_99
M3_MOUNTAIN_HALLIA_22;;4489;500;M3R5302;None;2536;250;M3_MOUNTAIN_HALLIA_22;M3_MOUNTAIN_HALLIA_22
M3_MOUNTAIN_HALLIA_41;;8915;1000;M3R5302;None;4383;500;M3_MOUNTAIN_HALLIA_41;M3_MOUNTAIN_HALLIA_41
M3_MOUNTAIN_HALLIA_60;;12976;1500;M3R5302;None;5886;750;M3_MOUNTAIN_HALLIA_60;M3_MOUNTAIN_HALLIA_60
M3_MOUNTAIN_HALLIA_81;;17042;2000;M3R5302;None;7300;1000;M3_MOUNTAIN_HALLIA_81;M3_MOUNTAIN_HALLIA_81
M3_MOUNTAIN_HALLIA_97;;19847;2500;M3R5302;None;8241;1250;M3_MOUNTAIN_HALLIA_97;M3_MOUNTAIN_HALLIA_97
M3C_BONUS_ROOM_SKYFOLK_RANDOM;M3C_BONUS_ROOM_SKYFOLK;0;0;None;None;0;0;M3C_BONUS_ROOM_SKYFOLK;M3C_BONUS_ROOM_SKYFOLK_RANDOM
M3C_BONUS_ROOM_FARDAL_RANDOM;M3C_BONUS_ROOM_FARDAL;0;0;None;None;0;0;M3C_BONUS_ROOM_FARDAL;M3C_BONUS_ROOM_FARDAL_RANDOM
M3_MOUNTAIN_SKYFOLK_COURIER_1;;123;80;M3R5111;None;100;65;M3_MOUNTAIN_SKYFOLK_COURIER_1;M3_MOUNTAIN_SKYFOLK_COURIER_1
M3_MOUNTAIN_STORMBREWER_3;;356;80;M3R5115;M3R5309;272;60;M3_MOUNTAIN_STORMBREWER_3;M3_MOUNTAIN_STORMBREWER_3
M3_MOUNTAIN_COASTAL_FISHER_5;;685;120;M3R5241;M3R4307;499;110;M3_MOUNTAIN_COASTAL_FISHER_5;M3_MOUNTAIN_COASTAL_FISHER_5
M3_MOUNTAIN_SEADRAKES_WINDMAKER_7;;1045;120;M3R5141;M3R5143;730;100;M3_MOUNTAIN_SEADRAKES_WINDMAKER_7;M3_MOUNTAIN_SEADRAKES_WINDMAKER_7
M3_MOUNTAIN_LETHE_MYSTIC_9;;1486;176;M3R5147;M3R7307;1000;154;M3_MOUNTAIN_LETHE_MYSTIC_9;M3_MOUNTAIN_LETHE_MYSTIC_9
M3_MOUNTAIN_VASCO_CARTOGRAPH_11;;1897;160;M3R5214;M3R5204;1233;155;M3_MOUNTAIN_VASCO_CARTOGRAPH_11;M3_MOUNTAIN_VASCO_CARTOGRAPH_11
M3_MOUNTAIN_IANTHE_EVENINGS_HERALD_13;;2330;195;M3R5312;M3R2105;1468;170;M3_MOUNTAIN_IANTHE_EVENINGS_HERALD_13;M3_MOUNTAIN_IANTHE_EVENINGS_HERALD_13
M3_MOUNTAIN_RYMIL_FARSEEKER_15;;2832;170;M3R5343;M3R4204;1735;145;M3_MOUNTAIN_RYMIL_FARSEEKER_15;M3_MOUNTAIN_RYMIL_FARSEEKER_15
M3_MOUNTAIN_DAINA_HEAVENLY_VIOLINIST_17;;3302;200;M3R5313;None;1972;180;M3_MOUNTAIN_DAINA_HEAVENLY_VIOLINIST_17;M3_MOUNTAIN_DAINA_HEAVENLY_VIOLINIST_17
M3_MOUNTAIN_MAKKARIUS_DREYHAND_19;;3744;245;M3R5341;M3R3116;2184;220;M3_MOUNTAIN_MAKKARIUS_DREYHAND_19;M3_MOUNTAIN_MAKKARIUS_DREYHAND_19
M3_MOUNTAIN_SKYFOLK_COURIER_21;;4248;160;M3R5111;None;2425;130;M3_MOUNTAIN_SKYFOLK_COURIER_21;M3_MOUNTAIN_SKYFOLK_COURIER_21
M3_MOUNTAIN_STORMBREWER_23;;4723;160;M3R5115;M3R5309;2642;120;M3_MOUNTAIN_STORMBREWER_23;M3_MOUNTAIN_STORMBREWER_23
M3_MOUNTAIN_COASTAL_FISHER_25;;5213;180;M3R5241;M3R4307;2863;160;M3_MOUNTAIN_COASTAL_FISHER_25;M3_MOUNTAIN_COASTAL_FISHER_25
M3_MOUNTAIN_SEADRAKES_WINDMAKER_27;;5677;240;M3R5141;M3R5143;3065;200;M3_MOUNTAIN_SEADRAKES_WINDMAKER_27;M3_MOUNTAIN_SEADRAKES_WINDMAKER_27
M3_MOUNTAIN_LETHE_MYSTIC_29;;6156;264;M3R5147;M3R7307;3270;231;M3_MOUNTAIN_LETHE_MYSTIC_29;M3_MOUNTAIN_LETHE_MYSTIC_29
M3_MOUNTAIN_VASCO_CARTOGRAPH_31;;6611;240;M3R5214;M3R5204;3460;232;M3_MOUNTAIN_VASCO_CARTOGRAPH_31;M3_MOUNTAIN_VASCO_CARTOGRAPH_31
M3_MOUNTAIN_IANTHE_EVENINGS_HERALD_33;;7080;290;M3R5312;M3R2105;3653;250;M3_MOUNTAIN_IANTHE_EVENINGS_HERALD_33;M3_MOUNTAIN_IANTHE_EVENINGS_HERALD_33
M3_MOUNTAIN_RYMIL_FARSEEKER_35;;7563;250;M3R5343;M3R4204;3851;210;M3_MOUNTAIN_RYMIL_FARSEEKER_35;M3_MOUNTAIN_RYMIL_FARSEEKER_35
M3_MOUNTAIN_DAINA_HEAVENLY_VIOLINIST_37;;8023;300;M3R5313;None;4035;270;M3_MOUNTAIN_DAINA_HEAVENLY_VIOLINIST_37;M3_MOUNTAIN_DAINA_HEAVENLY_VIOLINIST_37
M3_MOUNTAIN_MAKKARIUS_DREYHAND_39;;8462;360;M3R5341;M3R3116;4206;320;M3_MOUNTAIN_MAKKARIUS_DREYHAND_39;M3_MOUNTAIN_MAKKARIUS_DREYHAND_39
M3_MOUNTAIN_SKYFOLK_COURIER_41;;8915;240;M3R5111;None;4383;195;M3_MOUNTAIN_SKYFOLK_COURIER_41;M3_MOUNTAIN_SKYFOLK_COURIER_41
M3_MOUNTAIN_STORMBREWER_43;;9348;240;M3R5115;M3R5309;4548;180;M3_MOUNTAIN_STORMBREWER_43;M3_MOUNTAIN_STORMBREWER_43
M3_MOUNTAIN_COASTAL_FISHER_45;;9794;240;M3R5241;M3R4307;4718;210;M3_MOUNTAIN_COASTAL_FISHER_45;M3_MOUNTAIN_COASTAL_FISHER_45
M3_MOUNTAIN_SEADRAKES_WINDMAKER_47;;10253;360;M3R5141;M3R5143;4893;300;M3_MOUNTAIN_SEADRAKES_WINDMAKER_47;M3_MOUNTAIN_SEADRAKES_WINDMAKER_47
M3_MOUNTAIN_LETHE_MYSTIC_49;;10694;352;M3R5147;M3R7307;5058;308;M3_MOUNTAIN_LETHE_MYSTIC_49;M3_MOUNTAIN_LETHE_MYSTIC_49
M3_MOUNTAIN_VASCO_CARTOGRAPH_51;;11116;320;M3R5214;M3R5204;5214;309;M3_MOUNTAIN_VASCO_CARTOGRAPH_51;M3_MOUNTAIN_VASCO_CARTOGRAPH_51
M3_MOUNTAIN_IANTHE_EVENINGS_HERALD_53;;11522;385;M3R5312;M3R2105;5361;330;M3_MOUNTAIN_IANTHE_EVENINGS_HERALD_53;M3_MOUNTAIN_IANTHE_EVENINGS_HERALD_53
M3_MOUNTAIN_RYMIL_FARSEEKER_55;;11941;330;M3R5343;M3R4204;5513;275;M3_MOUNTAIN_RYMIL_FARSEEKER_55;M3_MOUNTAIN_RYMIL_FARSEEKER_55
M3_MOUNTAIN_DAINA_HEAVENLY_VIOLINIST_57;;12373;400;M3R5313;None;5671;360;M3_MOUNTAIN_DAINA_HEAVENLY_VIOLINIST_57;M3_MOUNTAIN_DAINA_HEAVENLY_VIOLINIST_57
M3_MOUNTAIN_MAKKARIUS_DREYHAND_59;;12788;475;M3R5341;M3R3116;5820;420;M3_MOUNTAIN_MAKKARIUS_DREYHAND_59;M3_MOUNTAIN_MAKKARIUS_DREYHAND_59
M3_MOUNTAIN_SKYFOLK_COURIER_61;;13188;320;M3R5111;None;5962;260;M3_MOUNTAIN_SKYFOLK_COURIER_61;M3_MOUNTAIN_SKYFOLK_COURIER_61
M3_MOUNTAIN_STORMBREWER_63;;13601;320;M3R5115;M3R5309;6109;240;M3_MOUNTAIN_STORMBREWER_63;M3_MOUNTAIN_STORMBREWER_63
M3_MOUNTAIN_COASTAL_FISHER_65;;14000;300;M3R5241;M3R4307;6250;260;M3_MOUNTAIN_COASTAL_FISHER_65;M3_MOUNTAIN_COASTAL_FISHER_65
M3_MOUNTAIN_SEADRAKES_WINDMAKER_67;;14384;480;M3R5141;M3R5143;6383;400;M3_MOUNTAIN_SEADRAKES_WINDMAKER_67;M3_MOUNTAIN_SEADRAKES_WINDMAKER_67
M3_MOUNTAIN_LETHE_MYSTIC_69;;14781;440;M3R5147;M3R7307;6522;385;M3_MOUNTAIN_LETHE_MYSTIC_69;M3_MOUNTAIN_LETHE_MYSTIC_69
M3_MOUNTAIN_VASCO_CARTOGRAPH_71;;15164;400;M3R5214;M3R5204;6655;386;M3_MOUNTAIN_VASCO_CARTOGRAPH_71;M3_MOUNTAIN_VASCO_CARTOGRAPH_71
M3_MOUNTAIN_IANTHE_EVENINGS_HERALD_73;;15535;480;M3R5312;M3R2105;6782;410;M3_MOUNTAIN_IANTHE_EVENINGS_HERALD_73;M3_MOUNTAIN_IANTHE_EVENINGS_HERALD_73
M3_MOUNTAIN_RYMIL_FARSEEKER_75;;15918;410;M3R5343;M3R4204;6914;340;M3_MOUNTAIN_RYMIL_FARSEEKER_75;M3_MOUNTAIN_RYMIL_FARSEEKER_75
M3_MOUNTAIN_DAINA_HEAVENLY_VIOLINIST_77;;16289;500;M3R5313;None;7041;450;M3_MOUNTAIN_DAINA_HEAVENLY_VIOLINIST_77;M3_MOUNTAIN_DAINA_HEAVENLY_VIOLINIST_77
M3_MOUNTAIN_MAKKARIUS_DREYHAND_79;;16671;590;M3R5341;M3R3116;7173;520;M3_MOUNTAIN_MAKKARIUS_DREYHAND_79;M3_MOUNTAIN_MAKKARIUS_DREYHAND_79
M3_MOUNTAIN_SKYFOLK_COURIER_81;;17042;400;M3R5111;None;7300;325;M3_MOUNTAIN_SKYFOLK_COURIER_81;M3_MOUNTAIN_SKYFOLK_COURIER_81
M3_MOUNTAIN_STORMBREWER_83;;17402;400;M3R5115;M3R5309;7421;300;M3_MOUNTAIN_STORMBREWER_83;M3_MOUNTAIN_STORMBREWER_83
M3_MOUNTAIN_COASTAL_FISHER_85;;17750;360;M3R5241;M3R4307;7538;310;M3_MOUNTAIN_COASTAL_FISHER_85;M3_MOUNTAIN_COASTAL_FISHER_85
M3_MOUNTAIN_SEADRAKES_WINDMAKER_87;;18111;600;M3R5141;M3R5143;7660;500;M3_MOUNTAIN_SEADRAKES_WINDMAKER_87;M3_MOUNTAIN_SEADRAKES_WINDMAKER_87
M3_MOUNTAIN_LETHE_MYSTIC_89;;18461;528;M3R5147;M3R7307;7777;462;M3_MOUNTAIN_LETHE_MYSTIC_89;M3_MOUNTAIN_LETHE_MYSTIC_89
M3_MOUNTAIN_VASCO_CARTOGRAPH_91;;18823;480;M3R5214;M3R5204;7900;463;M3_MOUNTAIN_VASCO_CARTOGRAPH_91;M3_MOUNTAIN_VASCO_CARTOGRAPH_91
M3_MOUNTAIN_IANTHE_EVENINGS_HERALD_93;;19153;575;M3R5312;M3R2105;8008;490;M3_MOUNTAIN_IANTHE_EVENINGS_HERALD_93;M3_MOUNTAIN_IANTHE_EVENINGS_HERALD_93
M3_MOUNTAIN_RYMIL_FARSEEKER_95;;19494;490;M3R5343;M3R4204;8122;405;M3_MOUNTAIN_RYMIL_FARSEEKER_95;M3_MOUNTAIN_RYMIL_FARSEEKER_95
M3_MOUNTAIN_DAINA_HEAVENLY_VIOLINIST_97;;19847;600;M3R5313;None;8241;540;M3_MOUNTAIN_DAINA_HEAVENLY_VIOLINIST_97;M3_MOUNTAIN_DAINA_HEAVENLY_VIOLINIST_97
M3_MOUNTAIN_MAKKARIUS_DREYHAND_99;;20191;705;M3R5341;M3R3116;8355;620;M3_MOUNTAIN_MAKKARIUS_DREYHAND_99;M3_MOUNTAIN_MAKKARIUS_DREYHAND_99
M3_MOUNTAIN_CHIFFCHAFF_1;;181;200;None;None;142;50;M3_MOUNTAIN_CHIFFCHAFF_1;M3_MOUNTAIN_CHIFFCHAFF_1
M3_MOUNTAIN_RED_KITE_2;;181;250;M3R5106;None;142;50;M3_MOUNTAIN_RED_KITE_2;M3_MOUNTAIN_RED_KITE_2
M3_MOUNTAIN_TAME_TOUCAN_3;;356;300;M3R5104;None;272;50;M3_MOUNTAIN_TAME_TOUCAN_3;M3_MOUNTAIN_TAME_TOUCAN_3
M3_MOUNTAIN_GIANT_BEE_4;;524;300;M3R7108;M3R7108;391;100;M3_MOUNTAIN_GIANT_BEE_4;M3_MOUNTAIN_GIANT_BEE_4
M3_MOUNTAIN_ZEPHYRA_90;;37264;3000;M3R5403;M3R5117;15668;3000;M3_MOUNTAIN_ZEPHYRA_90;M3_MOUNTAIN_ZEPHYRA_90
M3_MOUNTAIN_BOREAS_99;;60573;5000;M3R5401;None;25065;5000;M3_MOUNTAIN_BOREAS_99;M3_MOUNTAIN_BOREAS_99
M3_FOREST_M3H6_5;;685;200;None;None;499;75;M3H6_0;M3_FOREST_M3H6_5
M3_FOREST_M3H6_10;;1669;400;None;None;1103;150;M3H6_1;M3_FOREST_M3H6_10
M3_FOREST_M3H6_15;;2832;600;None;None;1735;225;M3H6_1;M3_FOREST_M3H6_15
M3_FOREST_M3H6_20;;4000;800;None;None;2307;300;M3H6_2;M3_FOREST_M3H6_20
M3_FOREST_M3H6_25;;5213;1000;None;None;2863;375;M3H6_2;M3_FOREST_M3H6_25
M3_FOREST_M3H6_30;;6387;1200;None;None;3367;450;M3H6_3;M3_FOREST_M3H6_30
M3_FOREST_M3H6_35;;7563;1400;None;None;3851;525;M3H6_3;M3_FOREST_M3H6_35
M3_FOREST_M3H6_40;;8674;1600;None;None;4288;600;M3H6_4;M3_FOREST_M3H6_40
M3_FOREST_M3H6_45;;9794;1800;None;None;4718;675;M3H6_4;M3_FOREST_M3H6_45
M3_FOREST_M3H6_50;;10892;2000;None;None;5130;750;M3H6_5;M3_FOREST_M3H6_50
M3_FOREST_M3H6_55;;11941;2200;None;None;5513;825;M3H6_5;M3_FOREST_M3H6_55
M3_FOREST_M3H6_60;;12976;2400;None;None;5886;900;M3H6_6;M3_FOREST_M3H6_60
M3_FOREST_M3H6_65;;14000;2600;None;None;6250;975;M3H6_6;M3_FOREST_M3H6_65
M3_FOREST_M3H6_70;;14961;2800;None;None;6584;1050;M3H6_7;M3_FOREST_M3H6_70
M3_FOREST_M3H6_75;;15918;3000;None;None;6914;1125;M3H6_7;M3_FOREST_M3H6_75
M3_FOREST_M3H6_80;;16847;3200;None;None;7232;1200;M3H6_8;M3_FOREST_M3H6_80
M3_FOREST_M3H6_85;;17750;3400;None;None;7538;1275;M3H6_8;M3_FOREST_M3H6_85
M3_FOREST_M3H6_90;;18632;3600;None;None;7834;1350;M3H6_9;M3_FOREST_M3H6_90
M3_FOREST_M3H6_95;;19494;3800;None;None;8122;1425;M3H6_9;M3_FOREST_M3H6_95
M3_FOREST_M3H16_24;;4951;960;None;None;2744;360;M3H16_2;M3_FOREST_M3H16_24
M3_FOREST_M3H16_29;;6156;1160;None;None;3270;435;M3H16_2;M3_FOREST_M3H16_29
M3_FOREST_M3H16_34;;7325;1360;None;None;3754;510;M3H16_3;M3_FOREST_M3H16_34
M3_FOREST_M3H16_39;;8462;1560;None;None;4206;585;M3H16_3;M3_FOREST_M3H16_39
M3_FOREST_M3H16_44;;9573;1760;None;None;4634;660;M3H16_4;M3_FOREST_M3H16_44
M3_FOREST_M3H16_49;;10694;1960;None;None;5058;735;M3H16_4;M3_FOREST_M3H16_49
M3_FOREST_M3H16_54;;11733;2160;None;None;5438;810;M3H16_5;M3_FOREST_M3H16_54
M3_FOREST_M3H16_59;;12788;2360;None;None;5820;885;M3H16_5;M3_FOREST_M3H16_59
M3_FOREST_M3H16_64;;13802;2560;None;None;6180;960;M3H16_6;M3_FOREST_M3H16_64
M3_FOREST_M3H16_69;;14781;2760;None;None;6522;1035;M3H16_6;M3_FOREST_M3H16_69
M3_FOREST_M3H16_74;;15728;2960;None;None;6849;1110;M3H16_7;M3_FOREST_M3H16_74
M3_FOREST_M3H16_79;;16671;3160;None;None;7173;1185;M3H16_7;M3_FOREST_M3H16_79
M3_FOREST_M3H16_84;;17566;3360;None;None;7475;1260;M3H16_8;M3_FOREST_M3H16_84
M3_FOREST_M3H16_89;;18461;3560;None;None;7777;1335;M3H16_8;M3_FOREST_M3H16_89
M3_FOREST_M3H16_94;;19335;3760;None;None;8070;1410;M3H16_9;M3_FOREST_M3H16_94
M3_FOREST_M3H16_99;;20191;3960;None;None;8355;1485;M3H16_9;M3_FOREST_M3H16_99
M3_FOREST_M3H18_33;;7080;1320;None;None;3653;495;M3H18_3;M3_FOREST_M3H18_33
M3_FOREST_M3H18_38;;8245;1520;None;None;4122;570;M3H18_3;M3_FOREST_M3H18_38
M3_FOREST_M3H18_43;;9348;1720;None;None;4548;645;M3H18_4;M3_FOREST_M3H18_43
M3_FOREST_M3H18_48;;10460;1920;None;None;4970;720;M3H18_4;M3_FOREST_M3H18_48
M3_FOREST_M3H18_53;;11522;2120;None;None;5361;795;M3H18_5;M3_FOREST_M3H18_53
M3_FOREST_M3H18_58;;12568;2320;None;None;5740;870;M3H18_5;M3_FOREST_M3H18_58
M3_FOREST_M3H18_63;;13601;2520;None;None;6109;945;M3H18_6;M3_FOREST_M3H18_63
M3_FOREST_M3H18_68;;14571;2720;None;None;6448;1020;M3H18_6;M3_FOREST_M3H18_68
M3_FOREST_M3H18_73;;15535;2920;None;None;6782;1095;M3H18_7;M3_FOREST_M3H18_73
M3_FOREST_M3H18_78;;16470;3120;None;None;7103;1170;M3H18_7;M3_FOREST_M3H18_78
M3_FOREST_M3H18_83;;17402;3320;None;None;7421;1245;M3H18_8;M3_FOREST_M3H18_83
M3_FOREST_M3H18_88;;18287;3520;None;None;7719;1320;M3H18_8;M3_FOREST_M3H18_88
M3_FOREST_M3H18_93;;19153;3720;None;None;8008;1395;M3H18_9;M3_FOREST_M3H18_93
M3_FOREST_M3H18_98;;20020;3920;None;None;8299;1470;M3H18_9;M3_FOREST_M3H18_98
M3_FOREST_M3H12_42;;9150;1680;None;None;4475;630;M3H12_4;M3_FOREST_M3H12_42
M3_FOREST_M3H12_47;;10253;1880;None;None;4893;705;M3H12_4;M3_FOREST_M3H12_47
M3_FOREST_M3H12_52;;11306;2080;None;None;5281;780;M3H12_5;M3_FOREST_M3H12_52
M3_FOREST_M3H12_57;;12373;2280;None;None;5671;855;M3H12_5;M3_FOREST_M3H12_57
M3_FOREST_M3H12_62;;13397;2480;None;None;6037;930;M3H12_6;M3_FOREST_M3H12_62
M3_FOREST_M3H12_67;;14384;2680;None;None;6383;1005;M3H12_6;M3_FOREST_M3H12_67
M3_FOREST_M3H12_72;;15338;2880;None;None;6714;1080;M3H12_7;M3_FOREST_M3H12_72
M3_FOREST_M3H12_77;;16289;3080;None;None;7041;1155;M3H12_7;M3_FOREST_M3H12_77
M3_FOREST_M3H12_82;;17212;3280;None;None;7356;1230;M3H12_8;M3_FOREST_M3H12_82
M3_FOREST_M3H12_87;;18111;3480;None;None;7660;1305;M3H12_8;M3_FOREST_M3H12_87
M3_FOREST_M3H12_92;;18989;3680;None;None;7954;1380;M3H12_9;M3_FOREST_M3H12_92
M3_FOREST_M3H12_97;;19847;3880;None;None;8241;1455;M3H12_9;M3_FOREST_M3H12_97
M3_FOREST_M3H10_51;;11116;2040;None;None;5214;765;M3H10_5;M3_FOREST_M3H10_51
M3_FOREST_M3H10_56;;12173;2240;None;None;5600;840;M3H10_5;M3_FOREST_M3H10_56
M3_FOREST_M3H10_61;;13188;2440;None;None;5962;915;M3H10_6;M3_FOREST_M3H10_61
M3_FOREST_M3H10_66;;14193;2640;None;None;6317;990;M3H10_6;M3_FOREST_M3H10_66
M3_FOREST_M3H10_71;;15164;2840;None;None;6655;1065;M3H10_7;M3_FOREST_M3H10_71
M3_FOREST_M3H10_76;;16105;3040;None;None;6978;1140;M3H10_7;M3_FOREST_M3H10_76
M3_FOREST_M3H10_81;;17042;3240;None;None;7300;1215;M3H10_8;M3_FOREST_M3H10_81
M3_FOREST_M3H10_86;;17932;3440;None;None;7600;1290;M3H10_8;M3_FOREST_M3H10_86
M3_FOREST_M3H10_91;;18823;3640;None;None;7900;1365;M3H10_9;M3_FOREST_M3H10_91
M3_FOREST_M3H10_96;;19672;3840;None;None;8182;1440;M3H10_9;M3_FOREST_M3H10_96
M3_FOREST_M3H21_60;;12976;2400;None;None;5886;900;M3H21_6;M3_FOREST_M3H21_60
M3_FOREST_M3H21_65;;14000;2600;None;None;6250;975;M3H21_6;M3_FOREST_M3H21_65
M3_FOREST_M3H21_70;;14961;2800;None;None;6584;1050;M3H21_7;M3_FOREST_M3H21_70
M3_FOREST_M3H21_75;;15918;3000;None;None;6914;1125;M3H21_7;M3_FOREST_M3H21_75
M3_FOREST_M3H21_80;;16847;3200;None;None;7232;1200;M3H21_8;M3_FOREST_M3H21_80
M3_FOREST_M3H21_85;;17750;3400;None;None;7538;1275;M3H21_8;M3_FOREST_M3H21_85
M3_FOREST_M3H21_90;;18632;3600;None;None;7834;1350;M3H21_9;M3_FOREST_M3H21_90
M3_FOREST_M3H21_95;;19494;3800;None;None;8122;1425;M3H21_9;M3_FOREST_M3H21_95
M3_FOREST_HYENA_10;;1669;100;M3R6222;None;1103;100;;M3_FOREST_HYENA_10
M3_FOREST_HYENA_30;;6387;200;M3R6222;None;3367;200;;M3_FOREST_HYENA_30
M3_FOREST_HYENA_50;;10892;300;M3R6222;None;5130;300;;M3_FOREST_HYENA_50
M3_FOREST_HYENA_70;;14961;400;M3R6222;None;6584;400;;M3_FOREST_HYENA_70
M3_FOREST_HYENA_90;;18632;500;M3R6222;None;7834;500;;M3_FOREST_HYENA_90
M3_FOREST_DEVOURER_PLANT_13;;2330;100;M3R6221;None;1468;100;;M3_FOREST_DEVOURER_PLANT_13
M3_FOREST_DEVOURER_PLANT_33;;7080;200;M3R6221;None;3653;200;;M3_FOREST_DEVOURER_PLANT_33
M3_FOREST_DEVOURER_PLANT_53;;11522;300;M3R6221;None;5361;300;;M3_FOREST_DEVOURER_PLANT_53
M3_FOREST_DEVOURER_PLANT_73;;15535;400;M3R6221;None;6782;400;;M3_FOREST_DEVOURER_PLANT_73
M3_FOREST_DEVOURER_PLANT_93;;19153;500;M3R6221;None;8008;500;;M3_FOREST_DEVOURER_PLANT_93
M3_FOREST_FLICKERHORN_BUFFALO_16;;3070;100;M3R6223;None;1857;100;;M3_FOREST_FLICKERHORN_BUFFALO_16
M3_FOREST_FLICKERHORN_BUFFALO_36;;7796;200;M3R6223;None;3945;200;;M3_FOREST_FLICKERHORN_BUFFALO_36
M3_FOREST_FLICKERHORN_BUFFALO_56;;12173;300;M3R6223;None;5600;300;;M3_FOREST_FLICKERHORN_BUFFALO_56
M3_FOREST_FLICKERHORN_BUFFALO_76;;16105;400;M3R6223;None;6978;400;;M3_FOREST_FLICKERHORN_BUFFALO_76
M3_FOREST_FLICKERHORN_BUFFALO_96;;19672;500;M3R6223;None;8182;500;;M3_FOREST_FLICKERHORN_BUFFALO_96
M3_FOREST_TRILOBITE_19;;3744;100;M3R6224;None;2184;100;;M3_FOREST_TRILOBITE_19
M3_FOREST_TRILOBITE_39;;8462;200;M3R6224;None;4206;200;;M3_FOREST_TRILOBITE_39
M3_FOREST_TRILOBITE_59;;12788;300;M3R6224;None;5820;300;;M3_FOREST_TRILOBITE_59
M3_FOREST_TRILOBITE_79;;16671;400;M3R6224;None;7173;400;;M3_FOREST_TRILOBITE_79
M3_FOREST_TRILOBITE_99;;20191;500;M3R6224;None;8355;500;;M3_FOREST_TRILOBITE_99
M3_FOREST_TERRA_22;;4489;500;M3R6302;None;2536;250;M3_FOREST_TERRA_22;M3_FOREST_TERRA_22
M3_FOREST_TERRA_41;;8915;1000;M3R6302;None;4383;500;M3_FOREST_TERRA_41;M3_FOREST_TERRA_41
M3_FOREST_TERRA_60;;12976;1500;M3R6302;None;5886;750;M3_FOREST_TERRA_60;M3_FOREST_TERRA_60
M3_FOREST_TERRA_81;;17042;2000;M3R6302;None;7300;1000;M3_FOREST_TERRA_81;M3_FOREST_TERRA_81
M3_FOREST_TERRA_97;;19847;2500;M3R6302;None;8241;1250;M3_FOREST_TERRA_97;M3_FOREST_TERRA_97
M3C_BONUS_ROOM_HUNTERS_RANDOM;M3C_BONUS_ROOM_HUNTERS;0;0;None;None;0;0;M3C_BONUS_ROOM_HUNTERS;M3C_BONUS_ROOM_HUNTERS_RANDOM
M3C_BONUS_ROOM_BURLA_RANDOM;M3C_BONUS_ROOM_BURLA;0;0;None;None;0;0;M3C_BONUS_ROOM_BURLA;M3C_BONUS_ROOM_BURLA_RANDOM
M3_FOREST_FARMHAND_1;;123;80;M3R6141;M3R6109;100;65;M3_FOREST_FARMHAND_1;M3_FOREST_FARMHAND_1
M3_FOREST_SHELLCRACKER_3;;356;85;M3R6113;None;272;75;M3_FOREST_SHELLCRACKER_3;M3_FOREST_SHELLCRACKER_3
M3_FOREST_FINE_FURRIER_5;;685;133;M3R6112;M3R6106;499;115;M3_FOREST_FINE_FURRIER_5;M3_FOREST_FINE_FURRIER_5
M3_FOREST_RATHOS_DERVISH_7;;1045;115;M3R6146;None;730;103;M3_FOREST_RATHOS_DERVISH_7;M3_FOREST_RATHOS_DERVISH_7
M3_FOREST_RALHARA_KENNELMASTER_9;;1486;170;M3R6212;M3R6111;1000;150;M3_FOREST_RALHARA_KENNELMASTER_9;M3_FOREST_RALHARA_KENNELMASTER_9
M3_FOREST_DONAVAN_GLORY_HOUND_11;;1897;165;M3R6215;None;1233;152;M3_FOREST_DONAVAN_GLORY_HOUND_11;M3_FOREST_DONAVAN_GLORY_HOUND_11
M3_FOREST_RIETTA_MASTER_ARCHER_13;;2330;240;M3R6312;M3R4106;1468;130;M3_FOREST_RIETTA_MASTER_ARCHER_13;M3_FOREST_RIETTA_MASTER_ARCHER_13
M3_FOREST_THURSIEL_THE_THUNDERSCARRED_15;;2832;190;M3R6313;M3R5107;1735;165;M3_FOREST_THURSIEL_THE_THUNDERSCARRED_15;M3_FOREST_THURSIEL_THE_THUNDERSCARRED_15
M3_FOREST_ZERUKLITH_MASTER_IN_THEORY_17;;3302;175;M3R6315;None;1972;157;M3_FOREST_ZERUKLITH_MASTER_IN_THEORY_17;M3_FOREST_ZERUKLITH_MASTER_IN_THEORY_17
M3_FOREST_URSUS_OF_TANNHAIN_19;;3744;240;M3R6343;M3R6203;2184;224;M3_FOREST_URSUS_OF_TANNHAIN_19;M3_FOREST_URSUS_OF_TANNHAIN_19
M3_FOREST_FARMHAND_21;;4248;160;M3R6141;M3R6109;2425;130;M3_FOREST_FARMHAND_21;M3_FOREST_FARMHAND_21
M3_FOREST_SHELLCRACKER_23;;4723;170;M3R6113;None;2642;150;M3_FOREST_SHELLCRACKER_23;M3_FOREST_SHELLCRACKER_23
M3_FOREST_FINE_FURRIER_25;;5213;196;M3R6112;M3R6106;2863;165;M3_FOREST_FINE_FURRIER_25;M3_FOREST_FINE_FURRIER_25
M3_FOREST_RATHOS_DERVISH_27;;5677;230;M3R6146;None;3065;206;M3_FOREST_RATHOS_DERVISH_27;M3_FOREST_RATHOS_DERVISH_27
M3_FOREST_RALHARA_KENNELMASTER_29;;6156;260;M3R6212;M3R6111;3270;225;M3_FOREST_RALHARA_KENNELMASTER_29;M3_FOREST_RALHARA_KENNELMASTER_29
M3_FOREST_DONAVAN_GLORY_HOUND_31;;6611;240;M3R6215;None;3460;224;M3_FOREST_DONAVAN_GLORY_HOUND_31;M3_FOREST_DONAVAN_GLORY_HOUND_31
M3_FOREST_RIETTA_MASTER_ARCHER_33;;7080;400;M3R6312;M3R4106;3653;190;M3_FOREST_RIETTA_MASTER_ARCHER_33;M3_FOREST_RIETTA_MASTER_ARCHER_33
M3_FOREST_THURSIEL_THE_THUNDERSCARRED_35;;7563;280;M3R6313;M3R5107;3851;250;M3_FOREST_THURSIEL_THE_THUNDERSCARRED_35;M3_FOREST_THURSIEL_THE_THUNDERSCARRED_35
M3_FOREST_ZERUKLITH_MASTER_IN_THEORY_37;;8023;260;M3R6315;None;4035;234;M3_FOREST_ZERUKLITH_MASTER_IN_THEORY_37;M3_FOREST_ZERUKLITH_MASTER_IN_THEORY_37
M3_FOREST_URSUS_OF_TANNHAIN_39;;8462;360;M3R6343;M3R6203;4206;333;M3_FOREST_URSUS_OF_TANNHAIN_39;M3_FOREST_URSUS_OF_TANNHAIN_39
M3_FOREST_FARMHAND_41;;8915;240;M3R6141;M3R6109;4383;195;M3_FOREST_FARMHAND_41;M3_FOREST_FARMHAND_41
M3_FOREST_SHELLCRACKER_43;;9348;255;M3R6113;None;4548;225;M3_FOREST_SHELLCRACKER_43;M3_FOREST_SHELLCRACKER_43
M3_FOREST_FINE_FURRIER_45;;9794;259;M3R6112;M3R6106;4718;215;M3_FOREST_FINE_FURRIER_45;M3_FOREST_FINE_FURRIER_45
M3_FOREST_RATHOS_DERVISH_47;;10253;345;M3R6146;None;4893;309;M3_FOREST_RATHOS_DERVISH_47;M3_FOREST_RATHOS_DERVISH_47
M3_FOREST_RALHARA_KENNELMASTER_49;;10694;350;M3R6212;M3R6111;5058;300;M3_FOREST_RALHARA_KENNELMASTER_49;M3_FOREST_RALHARA_KENNELMASTER_49
M3_FOREST_DONAVAN_GLORY_HOUND_51;;11116;315;M3R6215;None;5214;296;M3_FOREST_DONAVAN_GLORY_HOUND_51;M3_FOREST_DONAVAN_GLORY_HOUND_51
M3_FOREST_RIETTA_MASTER_ARCHER_53;;11522;560;M3R6312;M3R4106;5361;250;M3_FOREST_RIETTA_MASTER_ARCHER_53;M3_FOREST_RIETTA_MASTER_ARCHER_53
M3_FOREST_THURSIEL_THE_THUNDERSCARRED_55;;11941;370;M3R6313;M3R5107;5513;335;M3_FOREST_THURSIEL_THE_THUNDERSCARRED_55;M3_FOREST_THURSIEL_THE_THUNDERSCARRED_55
M3_FOREST_ZERUKLITH_MASTER_IN_THEORY_57;;12373;345;M3R6315;None;5671;311;M3_FOREST_ZERUKLITH_MASTER_IN_THEORY_57;M3_FOREST_ZERUKLITH_MASTER_IN_THEORY_57
M3_FOREST_URSUS_OF_TANNHAIN_59;;12788;480;M3R6343;M3R6203;5820;442;M3_FOREST_URSUS_OF_TANNHAIN_59;M3_FOREST_URSUS_OF_TANNHAIN_59
M3_FOREST_FARMHAND_61;;13188;320;M3R6141;M3R6109;5962;260;M3_FOREST_FARMHAND_61;M3_FOREST_FARMHAND_61
M3_FOREST_SHELLCRACKER_63;;13601;340;M3R6113;None;6109;300;M3_FOREST_SHELLCRACKER_63;M3_FOREST_SHELLCRACKER_63
M3_FOREST_FINE_FURRIER_65;;14000;322;M3R6112;M3R6106;6250;265;M3_FOREST_FINE_FURRIER_65;M3_FOREST_FINE_FURRIER_65
M3_FOREST_RATHOS_DERVISH_67;;14384;460;M3R6146;None;6383;412;M3_FOREST_RATHOS_DERVISH_67;M3_FOREST_RATHOS_DERVISH_67
M3_FOREST_RALHARA_KENNELMASTER_69;;14781;440;M3R6212;M3R6111;6522;375;M3_FOREST_RALHARA_KENNELMASTER_69;M3_FOREST_RALHARA_KENNELMASTER_69
M3_FOREST_DONAVAN_GLORY_HOUND_71;;15164;390;M3R6215;None;6655;368;M3_FOREST_DONAVAN_GLORY_HOUND_71;M3_FOREST_DONAVAN_GLORY_HOUND_71
M3_FOREST_RIETTA_MASTER_ARCHER_73;;15535;720;M3R6312;M3R4106;6782;310;M3_FOREST_RIETTA_MASTER_ARCHER_73;M3_FOREST_RIETTA_MASTER_ARCHER_73
M3_FOREST_THURSIEL_THE_THUNDERSCARRED_75;;15918;460;M3R6313;M3R5107;6914;420;M3_FOREST_THURSIEL_THE_THUNDERSCARRED_75;M3_FOREST_THURSIEL_THE_THUNDERSCARRED_75
M3_FOREST_ZERUKLITH_MASTER_IN_THEORY_77;;16289;430;M3R6315;None;7041;388;M3_FOREST_ZERUKLITH_MASTER_IN_THEORY_77;M3_FOREST_ZERUKLITH_MASTER_IN_THEORY_77
M3_FOREST_URSUS_OF_TANNHAIN_79;;16671;600;M3R6343;M3R6203;7173;551;M3_FOREST_URSUS_OF_TANNHAIN_79;M3_FOREST_URSUS_OF_TANNHAIN_79
M3_FOREST_FARMHAND_81;;17042;400;M3R6141;M3R6109;7300;325;M3_FOREST_FARMHAND_81;M3_FOREST_FARMHAND_81
M3_FOREST_SHELLCRACKER_83;;17402;425;M3R6113;None;7421;375;M3_FOREST_SHELLCRACKER_83;M3_FOREST_SHELLCRACKER_83
M3_FOREST_FINE_FURRIER_85;;17750;385;M3R6112;M3R6106;7538;315;M3_FOREST_FINE_FURRIER_85;M3_FOREST_FINE_FURRIER_85
M3_FOREST_RATHOS_DERVISH_87;;18111;575;M3R6146;None;7660;515;M3_FOREST_RATHOS_DERVISH_87;M3_FOREST_RATHOS_DERVISH_87
M3_FOREST_RALHARA_KENNELMASTER_89;;18461;530;M3R6212;M3R6111;7777;450;M3_FOREST_RALHARA_KENNELMASTER_89;M3_FOREST_RALHARA_KENNELMASTER_89
M3_FOREST_DONAVAN_GLORY_HOUND_91;;18823;465;M3R6215;None;7900;440;M3_FOREST_DONAVAN_GLORY_HOUND_91;M3_FOREST_DONAVAN_GLORY_HOUND_91
M3_FOREST_RIETTA_MASTER_ARCHER_93;;19153;880;M3R6312;M3R4106;8008;370;M3_FOREST_RIETTA_MASTER_ARCHER_93;M3_FOREST_RIETTA_MASTER_ARCHER_93
M3_FOREST_THURSIEL_THE_THUNDERSCARRED_95;;19494;550;M3R6313;M3R5107;8122;505;M3_FOREST_THURSIEL_THE_THUNDERSCARRED_95;M3_FOREST_THURSIEL_THE_THUNDERSCARRED_95
M3_FOREST_ZERUKLITH_MASTER_IN_THEORY_97;;19847;515;M3R6315;None;8241;465;M3_FOREST_ZERUKLITH_MASTER_IN_THEORY_97;M3_FOREST_ZERUKLITH_MASTER_IN_THEORY_97
M3_FOREST_URSUS_OF_TANNHAIN_99;;20191;720;M3R6343;M3R6203;8355;660;M3_FOREST_URSUS_OF_TANNHAIN_99;M3_FOREST_URSUS_OF_TANNHAIN_99
M3_FOREST_SQUIRREL_1;;181;200;None;None;142;50;M3_FOREST_SQUIRREL_1;M3_FOREST_SQUIRREL_1
M3_FOREST_TRACKER_HOUND_2;;181;250;M3R6111;None;142;50;M3_FOREST_TRACKER_HOUND_2;M3_FOREST_TRACKER_HOUND_2
M3_FOREST_DREYHORN_3;;356;300;M3R6104;None;272;50;M3_FOREST_DREYHORN_3;M3_FOREST_DREYHORN_3
M3_FOREST_MOSSBACK_TORTOISE_4;;524;300;M3R6205;M3R6110;391;100;M3_FOREST_MOSSBACK_TORTOISE_4;M3_FOREST_MOSSBACK_TORTOISE_4
M3_FOREST_RATUNNARA_90;;37264;3000;M3R6402;M3R2203;15668;3000;M3_FOREST_RATUNNARA_90;M3_FOREST_RATUNNARA_90
M3_FOREST_KALAI_99;;60573;5000;M3R6401;None;25065;5000;M3_FOREST_KALAI_99;M3_FOREST_KALAI_99
